transaction_id,transaction_timestamp,transaction_type,merchant_category,amount,transaction_status,sender_age_group,receiver_age_group,sender_state,sender_bank,receiver_bank,device_type,network_type,fraud_flag,year,month,month_name,quarter,transaction_date
1,08-10-2024 15:17,P2P,Entertainment,868,SUCCESS,26-35,18-25,Delhi,Axis,SBI,Android,4G,0,2024,10,October,Q4,08-10-2024
2,11-04-2024 06:56,P2M,Grocery,1011,SUCCESS,26-35,26-35,Uttar Pradesh,ICICI,Axis,iOS,4G,0,2024,4,April,Q2,11-04-2024
3,02-04-2024 13:27,P2P,Grocery,477,SUCCESS,26-35,36-45,Karnataka,Yes Bank,PNB,Android,4G,0,2024,4,April,Q2,02-04-2024
4,07-01-2024 10:09,P2P,Fuel,2784,SUCCESS,26-35,26-35,Delhi,ICICI,PNB,Android,5G,0,2024,1,January,Q1,07-01-2024
5,23-01-2024 19:04,P2P,Shopping,990,SUCCESS,26-35,18-25,Delhi,Axis,Yes Bank,iOS,WiFi,0,2024,1,January,Q1,23-01-2024
6,07-10-2024 22:32,P2P,Food,91,SUCCESS,36-45,18-25,Karnataka,IndusInd,Yes Bank,Android,3G,0,2024,10,October,Q4,07-10-2024
7,08-02-2024 10:25,P2P,Other,314,SUCCESS,36-45,18-25,Telangana,HDFC,IndusInd,Android,4G,0,2024,2,February,Q1,08-02-2024
8,27-10-2024 18:47,P2P,Utilities,264,SUCCESS,46-55,36-45,Maharashtra,Yes Bank,SBI,Android,5G,0,2024,10,October,Q4,27-10-2024
9,21-11-2024 09:39,P2P,Other,887,SUCCESS,46-55,36-45,Maharashtra,Kotak,HDFC,Android,4G,0,2024,11,November,Q4,21-11-2024
10,11-11-2024 15:58,P2M,Grocery,3260,SUCCESS,46-55,18-25,Delhi,SBI,HDFC,Android,4G,0,2024,11,November,Q4,11-11-2024
11,07-04-2024 20:14,P2P,Food,587,SUCCESS,26-35,46-55,Karnataka,SBI,SBI,Android,4G,0,2024,4,April,Q2,07-04-2024
12,24-12-2024 10:44,P2M,Other,518,SUCCESS,26-35,18-25,Gujarat,Yes Bank,SBI,Android,4G,0,2024,12,December,Q4,24-12-2024
13,16-11-2024 20:09,P2P,Transport,73,SUCCESS,26-35,18-25,Uttar Pradesh,Axis,Kotak,Android,4G,0,2024,11,November,Q4,16-11-2024
14,10-04-2024 00:51,Bill Payment,Grocery,430,SUCCESS,56+,36-45,Gujarat,Yes Bank,Yes Bank,Android,4G,0,2024,4,April,Q2,10-04-2024
15,03-02-2024 12:35,P2P,Transport,544,SUCCESS,18-25,46-55,Uttar Pradesh,IndusInd,Axis,Android,5G,0,2024,2,February,Q1,03-02-2024
16,09-11-2024 15:21,P2M,Grocery,1346,SUCCESS,18-25,18-25,Rajasthan,SBI,SBI,Android,5G,0,2024,11,November,Q4,09-11-2024
17,25-01-2024 07:27,P2P,Food,171,SUCCESS,46-55,18-25,Delhi,HDFC,SBI,Android,5G,0,2024,1,January,Q1,25-01-2024
18,19-05-2024 18:38,P2M,Healthcare,189,SUCCESS,18-25,18-25,Gujarat,SBI,PNB,iOS,5G,0,2024,5,May,Q2,19-05-2024
19,11-11-2024 22:08,P2P,Healthcare,799,SUCCESS,26-35,18-25,Karnataka,ICICI,SBI,Android,4G,0,2024,11,November,Q4,11-11-2024
20,13-06-2024 18:25,P2P,Utilities,450,SUCCESS,26-35,36-45,Tamil Nadu,Yes Bank,IndusInd,iOS,WiFi,0,2024,6,June,Q2,13-06-2024
21,19-05-2024 10:41,Bill Payment,Food,1341,SUCCESS,36-45,26-35,Karnataka,SBI,ICICI,Android,WiFi,0,2024,5,May,Q2,19-05-2024
22,02-11-2024 17:13,Recharge,Entertainment,280,SUCCESS,26-35,26-35,Maharashtra,SBI,PNB,Android,4G,0,2024,11,November,Q4,02-11-2024
23,18-10-2024 04:35,P2P,Shopping,397,SUCCESS,18-25,26-35,Delhi,Axis,SBI,Android,5G,0,2024,10,October,Q4,18-10-2024
24,21-01-2024 07:57,P2M,Grocery,1847,SUCCESS,18-25,46-55,Gujarat,HDFC,Yes Bank,Android,5G,0,2024,1,January,Q1,21-01-2024
25,24-01-2024 10:43,Bill Payment,Grocery,690,SUCCESS,26-35,26-35,Tamil Nadu,Yes Bank,PNB,iOS,5G,0,2024,1,January,Q1,24-01-2024
26,01-07-2024 12:01,Bill Payment,Entertainment,218,SUCCESS,18-25,36-45,Karnataka,Axis,Yes Bank,Android,4G,0,2024,7,July,Q3,01-07-2024
27,28-08-2024 21:10,P2P,Food,1276,SUCCESS,18-25,18-25,Karnataka,Kotak,HDFC,Android,5G,0,2024,8,August,Q3,28-08-2024
28,09-11-2024 18:49,P2P,Grocery,146,SUCCESS,26-35,36-45,Delhi,PNB,HDFC,iOS,4G,0,2024,11,November,Q4,09-11-2024
29,09-09-2024 15:24,P2P,Grocery,1755,SUCCESS,36-45,36-45,Delhi,SBI,IndusInd,Web,WiFi,0,2024,9,September,Q3,09-09-2024
30,18-10-2024 17:43,Bill Payment,Transport,165,SUCCESS,18-25,26-35,Rajasthan,SBI,SBI,Android,4G,0,2024,10,October,Q4,18-10-2024
31,20-12-2024 16:15,P2P,Healthcare,1495,SUCCESS,26-35,36-45,Gujarat,SBI,HDFC,Android,4G,0,2024,12,December,Q4,20-12-2024
32,17-12-2024 16:45,P2P,Grocery,394,SUCCESS,18-25,18-25,Gujarat,Yes Bank,SBI,Android,5G,0,2024,12,December,Q4,17-12-2024
33,11-05-2024 16:47,Recharge,Shopping,1693,SUCCESS,26-35,36-45,Telangana,SBI,IndusInd,Android,5G,0,2024,5,May,Q2,11-05-2024
34,25-05-2024 13:30,P2M,Food,144,SUCCESS,18-25,36-45,Maharashtra,PNB,PNB,Android,WiFi,0,2024,5,May,Q2,25-05-2024
35,23-02-2024 07:27,P2M,Fuel,1804,SUCCESS,36-45,26-35,Telangana,Axis,SBI,Android,4G,0,2024,2,February,Q1,23-02-2024
36,19-04-2024 22:12,P2P,Fuel,721,SUCCESS,46-55,18-25,Gujarat,HDFC,ICICI,Android,3G,0,2024,4,April,Q2,19-04-2024
37,26-07-2024 17:09,P2M,Shopping,7987,SUCCESS,18-25,36-45,Maharashtra,IndusInd,IndusInd,Android,4G,0,2024,7,July,Q3,26-07-2024
38,16-08-2024 21:26,Bill Payment,Shopping,5154,SUCCESS,56+,36-45,Uttar Pradesh,ICICI,SBI,Web,5G,0,2024,8,August,Q3,16-08-2024
39,23-07-2024 17:02,P2P,Entertainment,131,SUCCESS,36-45,18-25,West Bengal,Yes Bank,SBI,Web,5G,0,2024,7,July,Q3,23-07-2024
40,27-02-2024 01:43,P2M,Healthcare,192,SUCCESS,26-35,26-35,Karnataka,SBI,SBI,Android,5G,0,2024,2,February,Q1,27-02-2024
41,24-01-2024 10:28,Recharge,Food,82,SUCCESS,56+,18-25,Gujarat,HDFC,SBI,Android,5G,0,2024,1,January,Q1,24-01-2024
42,29-10-2024 12:54,P2M,Shopping,4309,SUCCESS,56+,36-45,Maharashtra,Kotak,HDFC,Android,4G,0,2024,10,October,Q4,29-10-2024
43,18-01-2024 13:49,P2P,Utilities,2338,SUCCESS,26-35,56+,Gujarat,Axis,SBI,Android,5G,0,2024,1,January,Q1,18-01-2024
44,17-02-2024 14:03,P2M,Food,292,SUCCESS,56+,26-35,Tamil Nadu,SBI,SBI,Android,4G,0,2024,2,February,Q1,17-02-2024
45,08-09-2024 09:21,P2P,Grocery,765,SUCCESS,18-25,36-45,Maharashtra,SBI,Yes Bank,iOS,WiFi,0,2024,9,September,Q3,08-09-2024
46,29-09-2024 21:04,P2P,Transport,51,SUCCESS,18-25,36-45,Uttar Pradesh,Axis,IndusInd,iOS,4G,0,2024,9,September,Q3,29-09-2024
47,04-03-2024 09:35,Bill Payment,Food,144,SUCCESS,18-25,18-25,Delhi,Yes Bank,Axis,Android,WiFi,0,2024,3,March,Q1,04-03-2024
48,06-02-2024 17:19,P2P,Other,994,SUCCESS,18-25,36-45,Uttar Pradesh,PNB,SBI,Android,5G,0,2024,2,February,Q1,06-02-2024
49,25-05-2024 17:14,P2P,Shopping,2393,SUCCESS,26-35,26-35,Maharashtra,ICICI,ICICI,Android,5G,0,2024,5,May,Q2,25-05-2024
50,29-02-2024 18:47,P2P,Other,864,SUCCESS,36-45,46-55,West Bengal,Yes Bank,SBI,Android,4G,0,2024,2,February,Q1,29-02-2024
51,05-12-2024 18:42,P2P,Transport,36,SUCCESS,36-45,36-45,Gujarat,ICICI,IndusInd,Android,WiFi,0,2024,12,December,Q4,05-12-2024
52,15-02-2024 10:52,P2M,Utilities,582,SUCCESS,18-25,18-25,Delhi,PNB,IndusInd,Android,4G,0,2024,2,February,Q1,15-02-2024
53,31-08-2024 15:47,P2P,Other,364,SUCCESS,36-45,26-35,Gujarat,SBI,HDFC,iOS,4G,0,2024,8,August,Q3,31-08-2024
54,11-01-2024 18:25,P2P,Other,203,SUCCESS,36-45,18-25,Delhi,SBI,IndusInd,Android,4G,0,2024,1,January,Q1,11-01-2024
55,29-04-2024 18:29,P2M,Shopping,4987,SUCCESS,56+,26-35,Karnataka,PNB,Yes Bank,iOS,4G,0,2024,4,April,Q2,29-04-2024
56,13-09-2024 10:41,P2P,Entertainment,213,SUCCESS,26-35,18-25,West Bengal,HDFC,Yes Bank,Android,4G,0,2024,9,September,Q3,13-09-2024
57,07-10-2024 05:43,P2M,Healthcare,1315,SUCCESS,26-35,18-25,West Bengal,HDFC,PNB,Android,4G,0,2024,10,October,Q4,07-10-2024
58,16-01-2024 21:57,P2P,Grocery,2685,SUCCESS,36-45,26-35,Gujarat,SBI,Kotak,Android,4G,0,2024,1,January,Q1,16-01-2024
59,21-11-2024 15:54,P2M,Entertainment,220,SUCCESS,18-25,18-25,Karnataka,PNB,ICICI,Android,4G,0,2024,11,November,Q4,21-11-2024
60,14-10-2024 19:49,P2M,Fuel,1831,SUCCESS,36-45,26-35,Delhi,PNB,Kotak,iOS,5G,0,2024,10,October,Q4,14-10-2024
61,11-09-2024 20:20,P2P,Shopping,159,FAILED,56+,36-45,Tamil Nadu,SBI,PNB,Android,5G,0,2024,9,September,Q3,11-09-2024
62,25-08-2024 15:26,P2P,Entertainment,475,SUCCESS,18-25,18-25,Karnataka,ICICI,HDFC,Android,4G,0,2024,8,August,Q3,25-08-2024
63,15-03-2024 17:31,P2M,Food,351,SUCCESS,26-35,36-45,Uttar Pradesh,Yes Bank,ICICI,Android,5G,0,2024,3,March,Q1,15-03-2024
64,12-01-2024 08:34,P2P,Other,726,SUCCESS,26-35,18-25,Uttar Pradesh,SBI,PNB,Android,WiFi,0,2024,1,January,Q1,12-01-2024
65,29-04-2024 17:25,P2P,Food,386,SUCCESS,26-35,18-25,Uttar Pradesh,SBI,Yes Bank,Android,4G,0,2024,4,April,Q2,29-04-2024
66,29-04-2024 17:06,P2M,Food,55,SUCCESS,26-35,18-25,Rajasthan,ICICI,ICICI,iOS,4G,0,2024,4,April,Q2,29-04-2024
67,14-07-2024 05:33,P2M,Other,394,SUCCESS,56+,46-55,Uttar Pradesh,SBI,ICICI,Android,4G,0,2024,7,July,Q3,14-07-2024
68,14-08-2024 18:30,P2M,Shopping,221,FAILED,46-55,26-35,Delhi,HDFC,IndusInd,iOS,5G,0,2024,8,August,Q3,14-08-2024
69,06-11-2024 12:39,Bill Payment,Food,131,SUCCESS,26-35,18-25,Telangana,Axis,SBI,Android,4G,0,2024,11,November,Q4,06-11-2024
70,08-04-2024 12:29,P2M,Fuel,257,SUCCESS,56+,26-35,Uttar Pradesh,PNB,Axis,Android,5G,0,2024,4,April,Q2,08-04-2024
71,14-12-2024 12:14,Bill Payment,Shopping,183,SUCCESS,26-35,26-35,Gujarat,PNB,Yes Bank,iOS,4G,0,2024,12,December,Q4,14-12-2024
72,27-01-2024 08:43,P2P,Healthcare,1376,SUCCESS,36-45,36-45,Gujarat,IndusInd,Kotak,Android,4G,0,2024,1,January,Q1,27-01-2024
73,10-03-2024 16:12,P2P,Other,760,SUCCESS,36-45,36-45,Maharashtra,SBI,SBI,Android,4G,0,2024,3,March,Q1,10-03-2024
74,04-12-2024 18:27,Bill Payment,Utilities,2060,SUCCESS,36-45,46-55,Karnataka,Axis,ICICI,iOS,4G,0,2024,12,December,Q4,04-12-2024
75,29-08-2024 21:38,P2P,Food,929,SUCCESS,26-35,26-35,West Bengal,SBI,Yes Bank,iOS,4G,0,2024,8,August,Q3,29-08-2024
76,19-05-2024 19:09,P2P,Transport,89,SUCCESS,36-45,36-45,Karnataka,PNB,Kotak,Android,5G,0,2024,5,May,Q2,19-05-2024
77,16-12-2024 14:23,Bill Payment,Utilities,417,SUCCESS,36-45,36-45,Telangana,HDFC,SBI,Android,5G,0,2024,12,December,Q4,16-12-2024
78,04-09-2024 20:34,P2P,Utilities,1415,SUCCESS,36-45,36-45,Tamil Nadu,ICICI,SBI,Android,4G,0,2024,9,September,Q3,04-09-2024
79,18-09-2024 07:14,P2M,Education,588,SUCCESS,26-35,36-45,Rajasthan,Yes Bank,Axis,Android,4G,0,2024,9,September,Q3,18-09-2024
80,08-11-2024 20:26,P2M,Utilities,8335,SUCCESS,46-55,46-55,West Bengal,Axis,IndusInd,Web,4G,0,2024,11,November,Q4,08-11-2024
81,20-10-2024 13:14,Bill Payment,Utilities,4279,SUCCESS,36-45,36-45,Uttar Pradesh,PNB,SBI,Android,5G,0,2024,10,October,Q4,20-10-2024
82,03-08-2024 13:15,P2M,Utilities,318,SUCCESS,36-45,18-25,Andhra Pradesh,PNB,Axis,Android,5G,0,2024,8,August,Q3,03-08-2024
83,03-01-2024 10:03,P2M,Shopping,1496,SUCCESS,46-55,36-45,Uttar Pradesh,PNB,Kotak,Android,4G,0,2024,1,January,Q1,03-01-2024
84,04-11-2024 18:06,P2P,Utilities,924,SUCCESS,18-25,36-45,Karnataka,ICICI,ICICI,Android,4G,0,2024,11,November,Q4,04-11-2024
85,30-04-2024 19:43,P2P,Food,291,SUCCESS,36-45,46-55,Maharashtra,HDFC,ICICI,Web,4G,0,2024,4,April,Q2,30-04-2024
86,02-09-2024 18:42,Bill Payment,Grocery,665,SUCCESS,36-45,46-55,Maharashtra,Kotak,HDFC,iOS,4G,0,2024,9,September,Q3,02-09-2024
87,20-01-2024 11:01,P2P,Fuel,669,SUCCESS,36-45,36-45,Delhi,SBI,ICICI,iOS,3G,0,2024,1,January,Q1,20-01-2024
88,27-09-2024 22:15,Recharge,Grocery,1855,SUCCESS,36-45,36-45,Tamil Nadu,IndusInd,ICICI,Android,4G,0,2024,9,September,Q3,27-09-2024
89,03-04-2024 12:09,P2M,Utilities,1015,SUCCESS,18-25,26-35,Uttar Pradesh,Axis,SBI,iOS,4G,0,2024,4,April,Q2,03-04-2024
90,01-08-2024 09:40,P2M,Other,188,SUCCESS,26-35,36-45,Gujarat,PNB,Kotak,Android,4G,0,2024,8,August,Q3,01-08-2024
91,14-07-2024 12:18,P2P,Other,1702,SUCCESS,26-35,18-25,Telangana,SBI,SBI,Android,4G,0,2024,7,July,Q3,14-07-2024
92,04-08-2024 10:24,Bill Payment,Food,1816,SUCCESS,18-25,18-25,Rajasthan,Kotak,SBI,Android,4G,0,2024,8,August,Q3,04-08-2024
93,19-05-2024 18:03,P2P,Other,712,SUCCESS,46-55,26-35,Gujarat,SBI,PNB,Android,5G,0,2024,5,May,Q2,19-05-2024
94,12-10-2024 20:55,P2M,Grocery,461,SUCCESS,26-35,18-25,Karnataka,SBI,IndusInd,Android,5G,0,2024,10,October,Q4,12-10-2024
95,22-01-2024 16:45,P2P,Transport,224,SUCCESS,26-35,18-25,Gujarat,Axis,SBI,Android,5G,0,2024,1,January,Q1,22-01-2024
96,23-03-2024 22:12,P2P,Shopping,2202,SUCCESS,36-45,46-55,West Bengal,Axis,SBI,Android,4G,0,2024,3,March,Q1,23-03-2024
97,19-02-2024 18:16,Bill Payment,Shopping,7821,SUCCESS,26-35,26-35,Rajasthan,Yes Bank,Kotak,Web,5G,0,2024,2,February,Q1,19-02-2024
98,14-04-2024 20:11,P2M,Shopping,2135,SUCCESS,18-25,26-35,Maharashtra,ICICI,HDFC,Android,4G,0,2024,4,April,Q2,14-04-2024
99,16-07-2024 12:59,P2P,Utilities,2776,SUCCESS,36-45,26-35,Telangana,IndusInd,SBI,Android,3G,0,2024,7,July,Q3,16-07-2024
100,24-10-2024 16:39,P2M,Grocery,543,SUCCESS,26-35,26-35,Karnataka,HDFC,Axis,Android,4G,0,2024,10,October,Q4,24-10-2024
101,09-12-2024 19:55,P2P,Food,215,SUCCESS,18-25,26-35,Karnataka,ICICI,Kotak,Android,4G,0,2024,12,December,Q4,09-12-2024
102,19-02-2024 18:16,P2M,Education,8754,SUCCESS,36-45,26-35,West Bengal,ICICI,PNB,Android,4G,0,2024,2,February,Q1,19-02-2024
103,25-08-2024 06:09,Bill Payment,Grocery,561,SUCCESS,26-35,26-35,Andhra Pradesh,ICICI,Axis,Android,4G,0,2024,8,August,Q3,25-08-2024
104,16-09-2024 18:23,P2P,Other,147,SUCCESS,26-35,36-45,West Bengal,SBI,ICICI,Android,4G,0,2024,9,September,Q3,16-09-2024
105,09-06-2024 20:44,Bill Payment,Other,661,SUCCESS,36-45,36-45,West Bengal,Yes Bank,Kotak,iOS,4G,0,2024,6,June,Q2,09-06-2024
106,29-07-2024 20:35,P2M,Shopping,7145,SUCCESS,18-25,46-55,West Bengal,PNB,Yes Bank,Android,WiFi,0,2024,7,July,Q3,29-07-2024
107,17-07-2024 10:07,P2P,Fuel,4468,SUCCESS,36-45,36-45,Gujarat,Kotak,Yes Bank,Android,5G,0,2024,7,July,Q3,17-07-2024
108,24-12-2024 11:08,Bill Payment,Utilities,2850,SUCCESS,26-35,36-45,Rajasthan,Kotak,ICICI,Android,WiFi,0,2024,12,December,Q4,24-12-2024
109,13-10-2024 20:29,P2M,Utilities,2142,SUCCESS,18-25,36-45,Rajasthan,ICICI,IndusInd,Android,4G,0,2024,10,October,Q4,13-10-2024
110,19-07-2024 11:30,Recharge,Food,61,SUCCESS,26-35,26-35,Maharashtra,PNB,SBI,Android,5G,0,2024,7,July,Q3,19-07-2024
111,16-04-2024 16:11,P2P,Food,1288,SUCCESS,36-45,46-55,Gujarat,SBI,ICICI,Android,4G,0,2024,4,April,Q2,16-04-2024
112,11-08-2024 19:39,P2P,Food,1014,SUCCESS,36-45,36-45,Delhi,IndusInd,PNB,Android,3G,0,2024,8,August,Q3,11-08-2024
113,05-02-2024 19:13,Bill Payment,Other,2474,SUCCESS,56+,46-55,Delhi,Axis,HDFC,Web,WiFi,0,2024,2,February,Q1,05-02-2024
114,25-11-2024 19:54,P2M,Healthcare,861,SUCCESS,56+,26-35,Rajasthan,Yes Bank,SBI,Android,5G,0,2024,11,November,Q4,25-11-2024
115,26-04-2024 20:45,P2P,Transport,507,SUCCESS,36-45,36-45,Andhra Pradesh,SBI,Axis,Android,5G,0,2024,4,April,Q2,26-04-2024
116,06-08-2024 13:16,P2M,Shopping,404,SUCCESS,18-25,46-55,Gujarat,ICICI,SBI,Android,4G,0,2024,8,August,Q3,06-08-2024
117,04-02-2024 17:37,P2M,Other,621,SUCCESS,36-45,18-25,Delhi,SBI,Yes Bank,iOS,WiFi,0,2024,2,February,Q1,04-02-2024
118,24-10-2024 09:26,Bill Payment,Fuel,1830,SUCCESS,18-25,18-25,Telangana,IndusInd,SBI,Android,4G,0,2024,10,October,Q4,24-10-2024
119,03-04-2024 13:21,P2M,Other,657,SUCCESS,26-35,26-35,Delhi,PNB,HDFC,iOS,4G,0,2024,4,April,Q2,03-04-2024
120,25-10-2024 11:34,P2P,Shopping,6804,SUCCESS,26-35,26-35,Karnataka,Yes Bank,SBI,Android,5G,0,2024,10,October,Q4,25-10-2024
121,20-03-2024 05:14,P2P,Utilities,261,SUCCESS,26-35,26-35,Gujarat,HDFC,SBI,Android,4G,0,2024,3,March,Q1,20-03-2024
122,20-01-2024 13:38,P2P,Entertainment,268,SUCCESS,26-35,26-35,Uttar Pradesh,HDFC,PNB,Android,WiFi,0,2024,1,January,Q1,20-01-2024
123,03-01-2024 14:46,P2P,Transport,1410,SUCCESS,26-35,18-25,Karnataka,SBI,Yes Bank,Android,4G,0,2024,1,January,Q1,03-01-2024
124,23-01-2024 11:47,P2P,Utilities,342,SUCCESS,26-35,26-35,Uttar Pradesh,Kotak,SBI,iOS,WiFi,0,2024,1,January,Q1,23-01-2024
125,09-04-2024 13:39,Bill Payment,Utilities,3941,SUCCESS,36-45,26-35,Telangana,HDFC,HDFC,iOS,4G,0,2024,4,April,Q2,09-04-2024
126,12-05-2024 11:54,P2M,Grocery,4073,SUCCESS,36-45,56+,Gujarat,Axis,Yes Bank,Android,WiFi,0,2024,5,May,Q2,12-05-2024
127,29-04-2024 15:05,P2M,Food,91,SUCCESS,56+,46-55,Telangana,Axis,SBI,Android,4G,0,2024,4,April,Q2,29-04-2024
128,14-09-2024 13:32,Bill Payment,Entertainment,209,SUCCESS,56+,46-55,Karnataka,HDFC,ICICI,Web,4G,0,2024,9,September,Q3,14-09-2024
129,09-03-2024 18:13,P2P,Transport,37,SUCCESS,26-35,26-35,Karnataka,HDFC,IndusInd,Android,5G,0,2024,3,March,Q1,09-03-2024
130,05-09-2024 11:42,P2P,Fuel,596,SUCCESS,26-35,18-25,Maharashtra,Axis,HDFC,Android,4G,0,2024,9,September,Q3,05-09-2024
131,10-10-2024 23:26,P2M,Transport,66,SUCCESS,36-45,36-45,Maharashtra,ICICI,PNB,iOS,4G,0,2024,10,October,Q4,10-10-2024
132,28-12-2024 10:47,Recharge,Food,225,SUCCESS,26-35,36-45,Maharashtra,ICICI,HDFC,Android,4G,0,2024,12,December,Q4,28-12-2024
133,05-04-2024 20:33,P2M,Entertainment,187,SUCCESS,26-35,18-25,Delhi,SBI,Axis,Android,4G,0,2024,4,April,Q2,05-04-2024
134,15-10-2024 19:38,P2P,Shopping,7155,SUCCESS,18-25,46-55,Tamil Nadu,ICICI,IndusInd,Android,4G,0,2024,10,October,Q4,15-10-2024
135,14-12-2024 19:24,Bill Payment,Shopping,5879,SUCCESS,18-25,18-25,Telangana,SBI,PNB,Android,5G,0,2024,12,December,Q4,14-12-2024
136,02-09-2024 20:42,P2P,Entertainment,561,SUCCESS,36-45,56+,Delhi,SBI,Yes Bank,Android,WiFi,0,2024,9,September,Q3,02-09-2024
137,02-12-2024 13:26,Bill Payment,Utilities,6011,SUCCESS,36-45,18-25,Maharashtra,SBI,Yes Bank,Android,4G,0,2024,12,December,Q4,02-12-2024
138,15-08-2024 07:34,P2P,Entertainment,223,SUCCESS,26-35,26-35,Telangana,SBI,SBI,Android,5G,0,2024,8,August,Q3,15-08-2024
139,07-11-2024 15:35,Bill Payment,Fuel,4864,SUCCESS,46-55,36-45,Maharashtra,Kotak,SBI,iOS,WiFi,0,2024,11,November,Q4,07-11-2024
140,04-09-2024 16:28,P2M,Food,2350,SUCCESS,26-35,26-35,Delhi,SBI,IndusInd,Android,5G,0,2024,9,September,Q3,04-09-2024
141,09-04-2024 14:17,P2M,Utilities,284,SUCCESS,26-35,26-35,Telangana,SBI,Kotak,Android,4G,0,2024,4,April,Q2,09-04-2024
142,22-06-2024 23:08,P2P,Shopping,1174,SUCCESS,36-45,46-55,West Bengal,IndusInd,HDFC,Android,4G,0,2024,6,June,Q2,22-06-2024
143,15-08-2024 19:38,P2P,Shopping,1773,SUCCESS,46-55,36-45,Maharashtra,IndusInd,ICICI,Android,4G,0,2024,8,August,Q3,15-08-2024
144,07-01-2024 09:55,P2P,Grocery,2839,SUCCESS,26-35,26-35,Uttar Pradesh,HDFC,SBI,iOS,4G,0,2024,1,January,Q1,07-01-2024
145,13-06-2024 08:59,P2P,Shopping,3757,SUCCESS,46-55,26-35,Uttar Pradesh,SBI,SBI,Android,4G,0,2024,6,June,Q2,13-06-2024
146,14-10-2024 12:46,P2P,Grocery,599,SUCCESS,46-55,26-35,Uttar Pradesh,ICICI,ICICI,Android,4G,0,2024,10,October,Q4,14-10-2024
147,18-02-2024 16:12,P2P,Healthcare,720,SUCCESS,26-35,18-25,Gujarat,PNB,ICICI,iOS,4G,0,2024,2,February,Q1,18-02-2024
148,05-05-2024 12:38,P2M,Food,646,SUCCESS,26-35,36-45,Rajasthan,IndusInd,SBI,Android,5G,0,2024,5,May,Q2,05-05-2024
149,06-06-2024 19:51,P2M,Food,211,SUCCESS,26-35,18-25,Delhi,SBI,SBI,iOS,4G,0,2024,6,June,Q2,06-06-2024
150,19-08-2024 17:33,P2P,Transport,58,SUCCESS,36-45,46-55,Rajasthan,IndusInd,PNB,Android,5G,0,2024,8,August,Q3,19-08-2024
151,17-05-2024 17:03,P2P,Food,377,SUCCESS,36-45,46-55,Maharashtra,ICICI,SBI,iOS,5G,0,2024,5,May,Q2,17-05-2024
152,08-03-2024 21:15,Recharge,Transport,1072,SUCCESS,36-45,18-25,Maharashtra,Axis,HDFC,Android,5G,0,2024,3,March,Q1,08-03-2024
153,05-02-2024 08:16,P2M,Transport,16,FAILED,26-35,26-35,Uttar Pradesh,PNB,PNB,Android,WiFi,0,2024,2,February,Q1,05-02-2024
154,13-11-2024 17:30,P2P,Food,1753,SUCCESS,26-35,18-25,Karnataka,PNB,Axis,Android,WiFi,0,2024,11,November,Q4,13-11-2024
155,21-12-2024 10:58,P2P,Grocery,345,SUCCESS,18-25,26-35,West Bengal,ICICI,SBI,iOS,4G,0,2024,12,December,Q4,21-12-2024
156,22-02-2024 11:42,P2M,Grocery,174,SUCCESS,18-25,36-45,Uttar Pradesh,HDFC,SBI,Android,4G,0,2024,2,February,Q1,22-02-2024
157,01-11-2024 12:59,P2P,Entertainment,69,SUCCESS,26-35,26-35,Uttar Pradesh,SBI,PNB,Android,4G,0,2024,11,November,Q4,01-11-2024
158,09-05-2024 16:22,P2M,Grocery,301,SUCCESS,36-45,18-25,Telangana,SBI,ICICI,Android,4G,0,2024,5,May,Q2,09-05-2024
159,02-06-2024 22:38,Recharge,Utilities,3091,SUCCESS,26-35,18-25,Maharashtra,ICICI,IndusInd,Android,4G,0,2024,6,June,Q2,02-06-2024
160,16-02-2024 18:51,Bill Payment,Shopping,9619,SUCCESS,18-25,18-25,Maharashtra,SBI,IndusInd,Android,4G,0,2024,2,February,Q1,16-02-2024
161,13-09-2024 12:17,P2P,Entertainment,727,SUCCESS,36-45,26-35,Gujarat,Yes Bank,Yes Bank,iOS,4G,0,2024,9,September,Q3,13-09-2024
162,12-10-2024 17:50,P2M,Fuel,375,SUCCESS,56+,26-35,Rajasthan,HDFC,Axis,Android,4G,0,2024,10,October,Q4,12-10-2024
163,29-12-2024 15:13,P2M,Grocery,700,SUCCESS,36-45,36-45,Maharashtra,Kotak,Yes Bank,Android,5G,0,2024,12,December,Q4,29-12-2024
164,19-05-2024 17:12,Bill Payment,Shopping,2289,SUCCESS,18-25,18-25,Andhra Pradesh,Kotak,Kotak,Android,5G,0,2024,5,May,Q2,19-05-2024
165,14-12-2024 17:48,P2P,Fuel,797,SUCCESS,26-35,36-45,Tamil Nadu,SBI,SBI,Web,5G,0,2024,12,December,Q4,14-12-2024
166,29-10-2024 04:05,P2P,Shopping,9228,SUCCESS,18-25,18-25,West Bengal,SBI,Yes Bank,Android,WiFi,0,2024,10,October,Q4,29-10-2024
167,13-02-2024 16:30,P2P,Other,1553,SUCCESS,26-35,18-25,Karnataka,PNB,SBI,Android,3G,0,2024,2,February,Q1,13-02-2024
168,18-08-2024 09:16,P2M,Entertainment,578,SUCCESS,26-35,18-25,Andhra Pradesh,HDFC,HDFC,Android,4G,0,2024,8,August,Q3,18-08-2024
169,20-07-2024 20:07,P2M,Food,232,FAILED,26-35,26-35,Andhra Pradesh,Axis,SBI,iOS,WiFi,0,2024,7,July,Q3,20-07-2024
170,30-07-2024 18:10,P2M,Fuel,2545,SUCCESS,36-45,26-35,Uttar Pradesh,SBI,SBI,iOS,4G,0,2024,7,July,Q3,30-07-2024
171,25-01-2024 07:20,P2P,Shopping,457,SUCCESS,56+,26-35,Maharashtra,SBI,IndusInd,Android,4G,0,2024,1,January,Q1,25-01-2024
172,27-09-2024 05:16,Recharge,Grocery,317,SUCCESS,26-35,18-25,Delhi,Yes Bank,IndusInd,Android,3G,0,2024,9,September,Q3,27-09-2024
173,13-08-2024 18:50,P2M,Food,132,SUCCESS,26-35,46-55,Uttar Pradesh,SBI,SBI,Android,4G,0,2024,8,August,Q3,13-08-2024
174,04-04-2024 12:34,P2P,Grocery,1414,SUCCESS,46-55,26-35,Rajasthan,IndusInd,SBI,Android,4G,0,2024,4,April,Q2,04-04-2024
175,17-03-2024 17:51,P2M,Food,355,SUCCESS,26-35,26-35,Maharashtra,SBI,Yes Bank,Android,4G,0,2024,3,March,Q1,17-03-2024
176,15-01-2024 10:49,P2M,Education,2335,SUCCESS,18-25,26-35,Maharashtra,Axis,SBI,Android,4G,0,2024,1,January,Q1,15-01-2024
177,24-09-2024 18:42,P2M,Fuel,443,SUCCESS,36-45,26-35,Andhra Pradesh,Kotak,SBI,Android,4G,0,2024,9,September,Q3,24-09-2024
178,05-05-2024 20:50,P2P,Food,167,SUCCESS,36-45,36-45,Tamil Nadu,PNB,SBI,Android,5G,0,2024,5,May,Q2,05-05-2024
179,21-07-2024 19:48,P2P,Shopping,7210,SUCCESS,26-35,18-25,Maharashtra,Axis,Axis,Android,5G,0,2024,7,July,Q3,21-07-2024
180,07-06-2024 21:47,P2P,Utilities,2148,SUCCESS,18-25,26-35,Uttar Pradesh,SBI,SBI,Android,5G,0,2024,6,June,Q2,07-06-2024
181,20-01-2024 19:24,P2M,Food,57,SUCCESS,18-25,18-25,Maharashtra,SBI,HDFC,Android,4G,0,2024,1,January,Q1,20-01-2024
182,06-12-2024 15:39,P2P,Grocery,2241,FAILED,26-35,18-25,Tamil Nadu,SBI,ICICI,Android,5G,0,2024,12,December,Q4,06-12-2024
183,21-05-2024 21:29,P2M,Shopping,1688,SUCCESS,26-35,18-25,Delhi,SBI,SBI,iOS,4G,0,2024,5,May,Q2,21-05-2024
184,26-08-2024 09:03,P2P,Healthcare,250,SUCCESS,18-25,26-35,Uttar Pradesh,SBI,Yes Bank,Android,5G,0,2024,8,August,Q3,26-08-2024
185,05-02-2024 14:15,P2P,Utilities,957,SUCCESS,26-35,46-55,Karnataka,SBI,Axis,iOS,WiFi,0,2024,2,February,Q1,05-02-2024
186,05-03-2024 17:03,Bill Payment,Shopping,2555,SUCCESS,26-35,46-55,Gujarat,Axis,PNB,Android,4G,0,2024,3,March,Q1,05-03-2024
187,19-02-2024 14:56,P2P,Shopping,6786,SUCCESS,56+,36-45,Karnataka,PNB,Yes Bank,Android,4G,0,2024,2,February,Q1,19-02-2024
188,25-06-2024 18:04,P2M,Shopping,1108,SUCCESS,18-25,36-45,Gujarat,PNB,ICICI,Android,5G,0,2024,6,June,Q2,25-06-2024
189,23-06-2024 01:12,P2M,Fuel,503,SUCCESS,36-45,36-45,Delhi,Kotak,PNB,iOS,5G,0,2024,6,June,Q2,23-06-2024
190,02-11-2024 14:06,Bill Payment,Grocery,1990,SUCCESS,18-25,26-35,Tamil Nadu,ICICI,Yes Bank,Android,5G,0,2024,11,November,Q4,02-11-2024
191,07-11-2024 16:22,P2P,Shopping,1838,SUCCESS,36-45,26-35,Karnataka,HDFC,ICICI,Android,3G,0,2024,11,November,Q4,07-11-2024
192,15-07-2024 21:31,P2P,Food,744,SUCCESS,26-35,46-55,Telangana,Axis,SBI,Android,4G,0,2024,7,July,Q3,15-07-2024
193,14-01-2024 21:13,P2M,Grocery,831,SUCCESS,18-25,36-45,Karnataka,SBI,PNB,Android,4G,0,2024,1,January,Q1,14-01-2024
194,02-02-2024 20:17,P2M,Other,1487,SUCCESS,18-25,18-25,Tamil Nadu,PNB,SBI,Android,4G,0,2024,2,February,Q1,02-02-2024
195,06-02-2024 19:21,Bill Payment,Food,303,SUCCESS,26-35,18-25,Telangana,PNB,Yes Bank,iOS,3G,0,2024,2,February,Q1,06-02-2024
196,07-12-2024 21:46,Bill Payment,Utilities,5798,SUCCESS,36-45,56+,Rajasthan,Axis,PNB,Android,WiFi,0,2024,12,December,Q4,07-12-2024
197,23-03-2024 21:20,P2P,Grocery,1490,FAILED,36-45,26-35,Maharashtra,SBI,ICICI,Android,4G,0,2024,3,March,Q1,23-03-2024
198,19-04-2024 20:35,P2P,Other,1092,SUCCESS,26-35,26-35,Uttar Pradesh,IndusInd,Yes Bank,iOS,4G,0,2024,4,April,Q2,19-04-2024
199,11-05-2024 17:56,P2M,Transport,268,SUCCESS,36-45,56+,Delhi,Axis,ICICI,Android,4G,0,2024,5,May,Q2,11-05-2024
200,06-03-2024 00:47,Bill Payment,Entertainment,1659,FAILED,36-45,18-25,Tamil Nadu,SBI,Axis,Android,4G,0,2024,3,March,Q1,06-03-2024
201,07-03-2024 14:29,Recharge,Food,772,SUCCESS,36-45,18-25,Maharashtra,ICICI,Axis,Android,WiFi,0,2024,3,March,Q1,07-03-2024
202,12-10-2024 11:19,P2M,Grocery,447,SUCCESS,46-55,36-45,Rajasthan,HDFC,IndusInd,Android,4G,0,2024,10,October,Q4,12-10-2024
203,24-09-2024 17:28,Bill Payment,Utilities,321,SUCCESS,26-35,26-35,Tamil Nadu,PNB,IndusInd,Android,WiFi,0,2024,9,September,Q3,24-09-2024
204,22-11-2024 18:55,P2M,Food,488,SUCCESS,18-25,18-25,Delhi,Kotak,PNB,Android,4G,0,2024,11,November,Q4,22-11-2024
205,21-01-2024 19:27,P2P,Food,291,SUCCESS,26-35,36-45,West Bengal,Axis,ICICI,Android,5G,0,2024,1,January,Q1,21-01-2024
206,13-09-2024 16:18,P2M,Fuel,597,SUCCESS,26-35,18-25,Uttar Pradesh,SBI,ICICI,Android,4G,0,2024,9,September,Q3,13-09-2024
207,27-12-2024 13:10,P2M,Transport,111,SUCCESS,36-45,26-35,Telangana,SBI,Yes Bank,Android,4G,0,2024,12,December,Q4,27-12-2024
208,31-03-2024 11:33,P2M,Other,728,SUCCESS,18-25,46-55,Andhra Pradesh,PNB,Kotak,Android,5G,0,2024,3,March,Q1,31-03-2024
209,20-08-2024 23:26,Bill Payment,Transport,91,SUCCESS,26-35,18-25,Gujarat,SBI,IndusInd,Android,5G,0,2024,8,August,Q3,20-08-2024
210,01-08-2024 12:21,Bill Payment,Shopping,7683,SUCCESS,18-25,18-25,Karnataka,Kotak,Axis,Android,4G,0,2024,8,August,Q3,01-08-2024
211,10-04-2024 07:06,P2P,Other,330,SUCCESS,26-35,26-35,West Bengal,SBI,ICICI,Android,4G,0,2024,4,April,Q2,10-04-2024
212,04-08-2024 09:01,Recharge,Entertainment,106,SUCCESS,36-45,26-35,Telangana,Kotak,HDFC,Android,4G,0,2024,8,August,Q3,04-08-2024
213,31-10-2024 20:07,P2P,Grocery,120,SUCCESS,26-35,36-45,Andhra Pradesh,IndusInd,HDFC,Android,4G,0,2024,10,October,Q4,31-10-2024
214,15-10-2024 21:09,P2P,Food,178,SUCCESS,18-25,18-25,Andhra Pradesh,Yes Bank,Yes Bank,Android,4G,0,2024,10,October,Q4,15-10-2024
215,07-05-2024 12:38,P2P,Grocery,343,SUCCESS,56+,26-35,Karnataka,ICICI,ICICI,Android,4G,0,2024,5,May,Q2,07-05-2024
216,28-01-2024 22:56,P2M,Healthcare,105,SUCCESS,18-25,18-25,Andhra Pradesh,Yes Bank,Axis,iOS,5G,0,2024,1,January,Q1,28-01-2024
217,02-09-2024 16:36,P2P,Utilities,2679,SUCCESS,36-45,36-45,Rajasthan,HDFC,HDFC,iOS,4G,0,2024,9,September,Q3,02-09-2024
218,27-03-2024 15:38,Bill Payment,Grocery,281,SUCCESS,26-35,26-35,Telangana,Axis,Axis,Android,4G,0,2024,3,March,Q1,27-03-2024
219,02-02-2024 16:40,Bill Payment,Entertainment,120,SUCCESS,36-45,26-35,Tamil Nadu,IndusInd,SBI,Android,4G,0,2024,2,February,Q1,02-02-2024
220,06-09-2024 07:47,P2P,Other,3324,SUCCESS,26-35,36-45,Tamil Nadu,HDFC,SBI,Android,WiFi,0,2024,9,September,Q3,06-09-2024
221,09-01-2024 08:28,P2P,Food,151,FAILED,36-45,36-45,West Bengal,SBI,HDFC,Android,4G,0,2024,1,January,Q1,09-01-2024
222,07-04-2024 11:34,P2P,Utilities,1687,SUCCESS,26-35,36-45,Uttar Pradesh,HDFC,HDFC,Android,4G,0,2024,4,April,Q2,07-04-2024
223,22-02-2024 18:40,P2P,Food,89,SUCCESS,18-25,36-45,Telangana,Axis,HDFC,iOS,4G,0,2024,2,February,Q1,22-02-2024
224,06-01-2024 15:42,Bill Payment,Entertainment,129,SUCCESS,56+,26-35,Karnataka,Axis,Yes Bank,Android,WiFi,0,2024,1,January,Q1,06-01-2024
225,09-02-2024 05:48,P2P,Grocery,188,SUCCESS,26-35,18-25,Delhi,PNB,SBI,Android,4G,0,2024,2,February,Q1,09-02-2024
226,19-04-2024 21:57,Bill Payment,Food,69,SUCCESS,18-25,26-35,Andhra Pradesh,ICICI,HDFC,Android,4G,0,2024,4,April,Q2,19-04-2024
227,06-05-2024 11:36,P2M,Grocery,263,SUCCESS,18-25,18-25,West Bengal,ICICI,Axis,Android,4G,0,2024,5,May,Q2,06-05-2024
228,26-08-2024 13:03,Bill Payment,Other,386,SUCCESS,36-45,26-35,Delhi,Yes Bank,Kotak,Android,4G,0,2024,8,August,Q3,26-08-2024
229,09-10-2024 11:26,Bill Payment,Entertainment,546,SUCCESS,18-25,18-25,Tamil Nadu,SBI,SBI,Android,4G,0,2024,10,October,Q4,09-10-2024
230,20-12-2024 17:29,Bill Payment,Healthcare,1233,SUCCESS,26-35,36-45,West Bengal,Yes Bank,PNB,Android,4G,0,2024,12,December,Q4,20-12-2024
231,13-04-2024 13:34,P2M,Utilities,5295,SUCCESS,36-45,18-25,Rajasthan,PNB,SBI,Android,4G,0,2024,4,April,Q2,13-04-2024
232,01-10-2024 00:01,P2M,Grocery,89,SUCCESS,56+,36-45,Tamil Nadu,SBI,ICICI,Android,4G,0,2024,10,October,Q4,01-10-2024
233,01-06-2024 19:45,P2M,Food,239,SUCCESS,36-45,18-25,West Bengal,PNB,IndusInd,Android,4G,0,2024,6,June,Q2,01-06-2024
234,09-03-2024 19:03,P2P,Grocery,1585,SUCCESS,56+,46-55,Telangana,Axis,IndusInd,iOS,5G,0,2024,3,March,Q1,09-03-2024
235,08-11-2024 09:04,P2M,Grocery,348,SUCCESS,18-25,26-35,Gujarat,HDFC,Yes Bank,Android,5G,0,2024,11,November,Q4,08-11-2024
236,19-12-2024 16:57,P2M,Shopping,1946,SUCCESS,36-45,18-25,Tamil Nadu,Axis,HDFC,Android,5G,0,2024,12,December,Q4,19-12-2024
237,04-07-2024 17:49,P2P,Other,321,SUCCESS,56+,36-45,Delhi,ICICI,Axis,Android,4G,0,2024,7,July,Q3,04-07-2024
238,15-06-2024 18:47,P2M,Grocery,348,SUCCESS,56+,46-55,Andhra Pradesh,SBI,Yes Bank,Android,5G,0,2024,6,June,Q2,15-06-2024
239,14-04-2024 22:44,P2P,Grocery,1509,SUCCESS,46-55,56+,Rajasthan,IndusInd,Yes Bank,Android,4G,0,2024,4,April,Q2,14-04-2024
240,28-09-2024 20:20,Bill Payment,Grocery,854,SUCCESS,46-55,26-35,Maharashtra,IndusInd,PNB,iOS,WiFi,0,2024,9,September,Q3,28-09-2024
241,21-03-2024 17:24,P2P,Healthcare,4536,FAILED,56+,26-35,Rajasthan,PNB,Axis,iOS,4G,0,2024,3,March,Q1,21-03-2024
242,19-04-2024 19:02,Bill Payment,Entertainment,116,FAILED,36-45,56+,Delhi,Yes Bank,IndusInd,Android,4G,0,2024,4,April,Q2,19-04-2024
243,19-02-2024 17:57,P2M,Grocery,417,SUCCESS,36-45,36-45,Uttar Pradesh,SBI,Axis,Web,5G,0,2024,2,February,Q1,19-02-2024
244,24-08-2024 18:24,P2P,Grocery,1242,SUCCESS,36-45,18-25,Telangana,SBI,SBI,iOS,4G,0,2024,8,August,Q3,24-08-2024
245,27-02-2024 20:23,P2M,Other,767,SUCCESS,36-45,46-55,Uttar Pradesh,Kotak,PNB,Android,WiFi,0,2024,2,February,Q1,27-02-2024
246,04-05-2024 08:53,P2M,Utilities,1849,FAILED,18-25,18-25,Karnataka,Yes Bank,PNB,Android,WiFi,0,2024,5,May,Q2,04-05-2024
247,19-07-2024 08:17,P2P,Education,3518,SUCCESS,36-45,18-25,Karnataka,Yes Bank,SBI,Android,4G,0,2024,7,July,Q3,19-07-2024
248,20-12-2024 07:30,P2P,Food,36,SUCCESS,26-35,26-35,Uttar Pradesh,Yes Bank,IndusInd,Android,4G,0,2024,12,December,Q4,20-12-2024
249,06-01-2024 09:10,P2M,Food,760,SUCCESS,46-55,46-55,Andhra Pradesh,PNB,PNB,Android,4G,0,2024,1,January,Q1,06-01-2024
250,22-03-2024 20:02,Bill Payment,Other,852,SUCCESS,36-45,56+,Maharashtra,HDFC,Yes Bank,iOS,4G,0,2024,3,March,Q1,22-03-2024
251,23-03-2024 23:29,P2P,Fuel,2521,SUCCESS,26-35,26-35,Maharashtra,PNB,ICICI,Android,5G,0,2024,3,March,Q1,23-03-2024
252,11-03-2024 23:56,Recharge,Entertainment,138,SUCCESS,18-25,18-25,Maharashtra,HDFC,Kotak,Android,WiFi,0,2024,3,March,Q1,11-03-2024
253,30-10-2024 21:46,P2P,Food,582,SUCCESS,18-25,36-45,Maharashtra,Kotak,Yes Bank,Android,4G,0,2024,10,October,Q4,30-10-2024
254,14-03-2024 10:20,Recharge,Transport,619,SUCCESS,26-35,18-25,West Bengal,IndusInd,IndusInd,iOS,WiFi,0,2024,3,March,Q1,14-03-2024
255,09-12-2024 15:59,P2M,Healthcare,705,SUCCESS,26-35,18-25,Gujarat,SBI,Yes Bank,Android,4G,0,2024,12,December,Q4,09-12-2024
256,02-10-2024 17:10,Bill Payment,Other,529,SUCCESS,26-35,36-45,Telangana,Yes Bank,SBI,iOS,4G,0,2024,10,October,Q4,02-10-2024
257,09-12-2024 09:53,P2M,Healthcare,173,SUCCESS,18-25,18-25,Karnataka,PNB,Yes Bank,Android,4G,0,2024,12,December,Q4,09-12-2024
258,11-11-2024 17:13,P2M,Food,1048,SUCCESS,18-25,18-25,Delhi,PNB,IndusInd,Android,5G,0,2024,11,November,Q4,11-11-2024
259,13-12-2024 09:51,P2P,Other,182,SUCCESS,26-35,36-45,Karnataka,Yes Bank,Yes Bank,Android,4G,0,2024,12,December,Q4,13-12-2024
260,01-11-2024 13:34,P2M,Education,1758,SUCCESS,36-45,36-45,Maharashtra,Yes Bank,IndusInd,Android,4G,0,2024,11,November,Q4,01-11-2024
261,26-09-2024 13:42,P2M,Transport,24,SUCCESS,18-25,26-35,Telangana,HDFC,PNB,Android,4G,0,2024,9,September,Q3,26-09-2024
262,18-04-2024 11:57,Bill Payment,Food,190,SUCCESS,26-35,18-25,Gujarat,SBI,Axis,iOS,4G,0,2024,4,April,Q2,18-04-2024
263,08-05-2024 12:36,P2M,Grocery,1884,SUCCESS,18-25,18-25,Maharashtra,PNB,Axis,Android,4G,0,2024,5,May,Q2,08-05-2024
264,26-12-2024 17:04,P2M,Food,68,SUCCESS,36-45,26-35,Gujarat,PNB,Yes Bank,iOS,WiFi,0,2024,12,December,Q4,26-12-2024
265,27-12-2024 18:59,Bill Payment,Other,310,SUCCESS,18-25,18-25,Karnataka,Kotak,ICICI,Android,5G,0,2024,12,December,Q4,27-12-2024
266,28-10-2024 14:01,P2P,Utilities,1526,SUCCESS,18-25,26-35,Delhi,SBI,Kotak,Android,3G,0,2024,10,October,Q4,28-10-2024
267,22-11-2024 14:59,P2M,Grocery,520,SUCCESS,36-45,36-45,Karnataka,Yes Bank,PNB,iOS,4G,0,2024,11,November,Q4,22-11-2024
268,12-10-2024 21:22,P2M,Food,415,SUCCESS,18-25,26-35,West Bengal,SBI,PNB,Android,4G,0,2024,10,October,Q4,12-10-2024
269,15-11-2024 12:02,P2P,Utilities,1921,SUCCESS,36-45,26-35,Tamil Nadu,Kotak,SBI,iOS,5G,0,2024,11,November,Q4,15-11-2024
270,11-01-2024 13:12,P2P,Other,427,SUCCESS,18-25,46-55,Uttar Pradesh,Axis,HDFC,iOS,4G,0,2024,1,January,Q1,11-01-2024
271,21-06-2024 20:33,P2P,Food,1532,SUCCESS,36-45,26-35,Maharashtra,IndusInd,HDFC,Android,WiFi,0,2024,6,June,Q2,21-06-2024
272,21-10-2024 07:42,P2P,Utilities,280,SUCCESS,26-35,18-25,Rajasthan,IndusInd,SBI,Android,4G,0,2024,10,October,Q4,21-10-2024
273,24-08-2024 16:27,P2M,Transport,238,SUCCESS,36-45,26-35,Gujarat,SBI,SBI,Android,4G,0,2024,8,August,Q3,24-08-2024
274,14-08-2024 16:23,P2P,Healthcare,222,SUCCESS,18-25,46-55,Delhi,ICICI,IndusInd,Android,5G,0,2024,8,August,Q3,14-08-2024
275,15-06-2024 22:34,Recharge,Transport,133,SUCCESS,26-35,18-25,Delhi,Yes Bank,Axis,Android,4G,0,2024,6,June,Q2,15-06-2024
276,09-07-2024 05:30,P2M,Food,273,SUCCESS,18-25,26-35,Tamil Nadu,ICICI,SBI,iOS,5G,0,2024,7,July,Q3,09-07-2024
277,15-04-2024 14:24,P2P,Food,295,SUCCESS,56+,26-35,Maharashtra,PNB,SBI,Android,4G,0,2024,4,April,Q2,15-04-2024
278,25-06-2024 12:05,P2P,Transport,151,SUCCESS,36-45,56+,Telangana,Yes Bank,SBI,iOS,5G,0,2024,6,June,Q2,25-06-2024
279,05-10-2024 22:53,P2P,Food,1185,SUCCESS,26-35,26-35,Uttar Pradesh,ICICI,HDFC,Android,4G,0,2024,10,October,Q4,05-10-2024
280,07-04-2024 11:51,P2M,Education,4571,FAILED,46-55,46-55,Karnataka,HDFC,HDFC,iOS,5G,0,2024,4,April,Q2,07-04-2024
281,25-10-2024 03:02,Bill Payment,Shopping,188,SUCCESS,18-25,26-35,Andhra Pradesh,PNB,SBI,Android,5G,0,2024,10,October,Q4,25-10-2024
282,15-03-2024 23:59,Bill Payment,Food,260,SUCCESS,18-25,26-35,Maharashtra,Axis,PNB,Android,4G,0,2024,3,March,Q1,15-03-2024
283,06-08-2024 15:54,P2M,Grocery,679,SUCCESS,18-25,36-45,Maharashtra,PNB,SBI,Android,4G,0,2024,8,August,Q3,06-08-2024
284,13-04-2024 19:56,P2P,Grocery,1241,SUCCESS,18-25,26-35,Gujarat,Yes Bank,Axis,Android,4G,0,2024,4,April,Q2,13-04-2024
285,20-03-2024 18:36,P2P,Transport,93,SUCCESS,26-35,36-45,Telangana,IndusInd,HDFC,Android,4G,0,2024,3,March,Q1,20-03-2024
286,29-12-2024 14:06,Bill Payment,Utilities,1577,SUCCESS,26-35,46-55,Andhra Pradesh,IndusInd,IndusInd,Android,4G,0,2024,12,December,Q4,29-12-2024
287,03-08-2024 08:37,P2M,Fuel,282,SUCCESS,18-25,36-45,Delhi,ICICI,HDFC,Android,4G,0,2024,8,August,Q3,03-08-2024
288,04-11-2024 07:39,Bill Payment,Fuel,474,SUCCESS,36-45,26-35,Uttar Pradesh,Axis,PNB,Android,4G,0,2024,11,November,Q4,04-11-2024
289,05-06-2024 23:20,P2M,Shopping,5634,SUCCESS,26-35,26-35,Maharashtra,Axis,HDFC,Android,4G,0,2024,6,June,Q2,05-06-2024
290,24-11-2024 15:25,P2M,Entertainment,396,SUCCESS,36-45,18-25,Maharashtra,PNB,PNB,Android,4G,0,2024,11,November,Q4,24-11-2024
291,03-02-2024 12:02,P2M,Other,669,SUCCESS,56+,46-55,Andhra Pradesh,SBI,SBI,iOS,4G,0,2024,2,February,Q1,03-02-2024
292,02-11-2024 11:14,P2M,Shopping,1078,SUCCESS,18-25,36-45,Maharashtra,HDFC,IndusInd,Android,WiFi,0,2024,11,November,Q4,02-11-2024
293,21-10-2024 18:43,P2M,Grocery,283,SUCCESS,36-45,36-45,Maharashtra,Yes Bank,PNB,iOS,5G,0,2024,10,October,Q4,21-10-2024
294,16-02-2024 21:03,P2M,Entertainment,351,SUCCESS,36-45,18-25,Uttar Pradesh,ICICI,ICICI,Android,4G,0,2024,2,February,Q1,16-02-2024
295,24-10-2024 20:32,P2P,Food,2155,SUCCESS,18-25,36-45,Tamil Nadu,ICICI,HDFC,Android,5G,0,2024,10,October,Q4,24-10-2024
296,02-02-2024 16:50,P2P,Grocery,682,SUCCESS,36-45,18-25,Tamil Nadu,SBI,Yes Bank,Android,4G,0,2024,2,February,Q1,02-02-2024
297,13-01-2024 14:03,P2P,Food,166,SUCCESS,36-45,18-25,Andhra Pradesh,SBI,PNB,iOS,4G,0,2024,1,January,Q1,13-01-2024
298,03-07-2024 22:20,P2P,Shopping,4046,SUCCESS,18-25,18-25,Gujarat,SBI,SBI,iOS,4G,0,2024,7,July,Q3,03-07-2024
299,18-09-2024 16:38,Recharge,Transport,865,SUCCESS,36-45,36-45,West Bengal,Kotak,ICICI,Android,4G,0,2024,9,September,Q3,18-09-2024
300,13-04-2024 23:31,P2P,Utilities,12568,SUCCESS,36-45,26-35,Tamil Nadu,Kotak,Axis,Android,4G,0,2024,4,April,Q2,13-04-2024
301,17-01-2024 20:01,Bill Payment,Education,10309,SUCCESS,36-45,26-35,Andhra Pradesh,HDFC,ICICI,Android,4G,0,2024,1,January,Q1,17-01-2024
302,21-01-2024 12:13,Bill Payment,Fuel,5359,SUCCESS,18-25,36-45,Gujarat,ICICI,PNB,Android,4G,0,2024,1,January,Q1,21-01-2024
303,16-04-2024 13:35,P2M,Fuel,1287,SUCCESS,26-35,18-25,Telangana,Axis,PNB,Android,5G,0,2024,4,April,Q2,16-04-2024
304,12-03-2024 20:30,P2M,Healthcare,2928,SUCCESS,36-45,18-25,West Bengal,SBI,ICICI,iOS,4G,0,2024,3,March,Q1,12-03-2024
305,07-05-2024 06:44,P2P,Transport,309,SUCCESS,36-45,18-25,Tamil Nadu,PNB,IndusInd,iOS,4G,0,2024,5,May,Q2,07-05-2024
306,09-09-2024 10:38,P2M,Grocery,167,SUCCESS,36-45,46-55,Uttar Pradesh,ICICI,Axis,iOS,4G,0,2024,9,September,Q3,09-09-2024
307,23-06-2024 19:22,P2P,Food,255,SUCCESS,36-45,18-25,Rajasthan,HDFC,PNB,iOS,4G,0,2024,6,June,Q2,23-06-2024
308,09-03-2024 20:25,P2P,Utilities,2499,SUCCESS,26-35,46-55,Karnataka,SBI,PNB,Android,4G,0,2024,3,March,Q1,09-03-2024
309,27-10-2024 00:03,P2M,Shopping,2775,SUCCESS,26-35,46-55,Gujarat,SBI,PNB,Android,WiFi,0,2024,10,October,Q4,27-10-2024
310,28-02-2024 11:14,P2P,Grocery,140,SUCCESS,36-45,36-45,West Bengal,PNB,ICICI,Android,4G,0,2024,2,February,Q1,28-02-2024
311,24-08-2024 04:40,Bill Payment,Utilities,3255,SUCCESS,18-25,46-55,Tamil Nadu,PNB,Yes Bank,iOS,4G,0,2024,8,August,Q3,24-08-2024
312,29-07-2024 18:44,Bill Payment,Fuel,935,SUCCESS,36-45,26-35,Karnataka,IndusInd,Axis,Android,5G,0,2024,7,July,Q3,29-07-2024
313,06-06-2024 20:07,P2P,Utilities,2428,SUCCESS,18-25,36-45,Uttar Pradesh,ICICI,SBI,Android,4G,0,2024,6,June,Q2,06-06-2024
314,18-10-2024 09:36,P2P,Healthcare,333,SUCCESS,18-25,26-35,West Bengal,PNB,HDFC,Android,4G,0,2024,10,October,Q4,18-10-2024
315,13-10-2024 19:36,P2P,Grocery,1037,SUCCESS,36-45,26-35,Gujarat,Axis,ICICI,Android,4G,0,2024,10,October,Q4,13-10-2024
316,24-06-2024 21:49,P2M,Other,221,SUCCESS,36-45,26-35,Gujarat,IndusInd,SBI,Android,4G,0,2024,6,June,Q2,24-06-2024
317,30-01-2024 13:44,P2M,Transport,409,SUCCESS,26-35,36-45,Andhra Pradesh,HDFC,PNB,Web,4G,0,2024,1,January,Q1,30-01-2024
318,14-07-2024 20:56,P2P,Fuel,1822,FAILED,36-45,26-35,Delhi,PNB,SBI,Android,4G,0,2024,7,July,Q3,14-07-2024
319,19-01-2024 21:36,P2P,Food,86,SUCCESS,18-25,26-35,Andhra Pradesh,SBI,Axis,Android,4G,0,2024,1,January,Q1,19-01-2024
320,23-12-2024 21:26,Bill Payment,Utilities,3310,SUCCESS,56+,18-25,Uttar Pradesh,ICICI,Kotak,iOS,4G,0,2024,12,December,Q4,23-12-2024
321,31-05-2024 16:51,P2P,Grocery,2357,SUCCESS,26-35,18-25,Uttar Pradesh,Yes Bank,PNB,iOS,4G,0,2024,5,May,Q2,31-05-2024
322,21-05-2024 07:48,P2M,Entertainment,181,SUCCESS,18-25,18-25,Maharashtra,Kotak,PNB,iOS,5G,0,2024,5,May,Q2,21-05-2024
323,24-12-2024 19:01,P2P,Transport,62,SUCCESS,26-35,56+,Delhi,Kotak,PNB,Web,4G,0,2024,12,December,Q4,24-12-2024
324,07-05-2024 10:59,P2P,Shopping,2221,SUCCESS,36-45,36-45,Delhi,ICICI,SBI,iOS,4G,0,2024,5,May,Q2,07-05-2024
325,31-10-2024 16:02,P2M,Entertainment,139,SUCCESS,36-45,36-45,Maharashtra,HDFC,IndusInd,Android,4G,0,2024,10,October,Q4,31-10-2024
326,06-03-2024 20:58,P2M,Transport,160,SUCCESS,36-45,26-35,Gujarat,Kotak,Axis,Android,4G,0,2024,3,March,Q1,06-03-2024
327,30-12-2024 14:58,P2P,Healthcare,1496,SUCCESS,36-45,36-45,Telangana,HDFC,ICICI,Android,4G,0,2024,12,December,Q4,30-12-2024
328,03-09-2024 21:58,P2M,Grocery,527,SUCCESS,46-55,26-35,Uttar Pradesh,PNB,ICICI,iOS,4G,0,2024,9,September,Q3,03-09-2024
329,10-02-2024 22:24,P2M,Entertainment,182,SUCCESS,46-55,18-25,Tamil Nadu,Axis,Yes Bank,Android,WiFi,0,2024,2,February,Q1,10-02-2024
330,12-03-2024 21:36,P2M,Entertainment,436,SUCCESS,18-25,26-35,Gujarat,HDFC,HDFC,Android,4G,0,2024,3,March,Q1,12-03-2024
331,03-10-2024 17:36,P2P,Fuel,3287,SUCCESS,18-25,18-25,Andhra Pradesh,IndusInd,HDFC,Android,4G,0,2024,10,October,Q4,03-10-2024
332,22-11-2024 22:49,P2M,Grocery,879,SUCCESS,18-25,26-35,West Bengal,PNB,SBI,iOS,4G,0,2024,11,November,Q4,22-11-2024
333,19-05-2024 09:28,P2P,Food,1445,SUCCESS,18-25,26-35,Gujarat,SBI,IndusInd,iOS,5G,0,2024,5,May,Q2,19-05-2024
334,01-10-2024 22:47,P2M,Grocery,1946,SUCCESS,36-45,18-25,Tamil Nadu,SBI,HDFC,Android,4G,0,2024,10,October,Q4,01-10-2024
335,26-11-2024 12:22,P2M,Entertainment,167,SUCCESS,46-55,36-45,Tamil Nadu,HDFC,IndusInd,Android,3G,0,2024,11,November,Q4,26-11-2024
336,30-11-2024 23:17,P2P,Other,549,SUCCESS,26-35,46-55,Rajasthan,Kotak,SBI,Android,4G,0,2024,11,November,Q4,30-11-2024
337,07-07-2024 19:05,P2P,Food,478,SUCCESS,26-35,18-25,Andhra Pradesh,Yes Bank,ICICI,Android,4G,0,2024,7,July,Q3,07-07-2024
338,08-11-2024 17:45,Bill Payment,Grocery,2838,SUCCESS,26-35,18-25,Uttar Pradesh,Axis,SBI,Web,WiFi,0,2024,11,November,Q4,08-11-2024
339,18-03-2024 10:46,Bill Payment,Utilities,483,SUCCESS,26-35,18-25,West Bengal,Kotak,Axis,Android,5G,0,2024,3,March,Q1,18-03-2024
340,13-04-2024 15:56,P2M,Food,280,SUCCESS,18-25,36-45,Karnataka,HDFC,PNB,Android,4G,0,2024,4,April,Q2,13-04-2024
341,28-06-2024 20:20,Bill Payment,Grocery,2640,SUCCESS,36-45,18-25,Maharashtra,HDFC,Axis,Android,4G,0,2024,6,June,Q2,28-06-2024
342,14-09-2024 14:59,Bill Payment,Food,92,SUCCESS,18-25,26-35,Rajasthan,ICICI,Yes Bank,Android,4G,0,2024,9,September,Q3,14-09-2024
343,23-10-2024 20:14,Bill Payment,Shopping,497,SUCCESS,36-45,26-35,Delhi,Kotak,HDFC,iOS,5G,0,2024,10,October,Q4,23-10-2024
344,03-12-2024 18:47,Bill Payment,Other,1085,SUCCESS,26-35,36-45,Delhi,PNB,Yes Bank,Android,4G,0,2024,12,December,Q4,03-12-2024
345,19-11-2024 20:27,P2P,Utilities,3360,SUCCESS,36-45,46-55,Rajasthan,SBI,ICICI,Android,5G,0,2024,11,November,Q4,19-11-2024
346,26-12-2024 11:44,P2M,Grocery,646,SUCCESS,26-35,18-25,Maharashtra,ICICI,SBI,Web,4G,0,2024,12,December,Q4,26-12-2024
347,09-08-2024 19:46,P2M,Food,631,SUCCESS,18-25,18-25,Uttar Pradesh,SBI,PNB,Android,WiFi,0,2024,8,August,Q3,09-08-2024
348,14-01-2024 17:39,P2M,Shopping,4554,SUCCESS,18-25,18-25,Rajasthan,SBI,PNB,Android,4G,0,2024,1,January,Q1,14-01-2024
349,04-07-2024 12:53,P2M,Transport,953,SUCCESS,36-45,26-35,West Bengal,Kotak,SBI,Web,4G,0,2024,7,July,Q3,04-07-2024
350,02-12-2024 14:29,P2P,Shopping,1191,SUCCESS,26-35,36-45,Gujarat,SBI,Yes Bank,Android,5G,0,2024,12,December,Q4,02-12-2024
351,22-03-2024 11:03,P2M,Grocery,317,SUCCESS,18-25,36-45,Karnataka,SBI,IndusInd,Android,4G,0,2024,3,March,Q1,22-03-2024
352,15-04-2024 08:04,P2M,Transport,571,SUCCESS,26-35,36-45,Tamil Nadu,Axis,SBI,Android,5G,0,2024,4,April,Q2,15-04-2024
353,30-06-2024 10:17,P2P,Food,1107,SUCCESS,46-55,36-45,Telangana,Kotak,Kotak,Android,5G,0,2024,6,June,Q2,30-06-2024
354,08-05-2024 20:49,P2P,Entertainment,220,SUCCESS,26-35,26-35,Rajasthan,HDFC,SBI,Web,5G,0,2024,5,May,Q2,08-05-2024
355,22-06-2024 19:16,P2M,Healthcare,522,SUCCESS,56+,26-35,Andhra Pradesh,IndusInd,ICICI,Android,4G,0,2024,6,June,Q2,22-06-2024
356,03-02-2024 22:14,P2P,Grocery,139,SUCCESS,26-35,36-45,Delhi,Axis,PNB,Android,4G,0,2024,2,February,Q1,03-02-2024
357,27-02-2024 17:23,P2M,Grocery,158,SUCCESS,18-25,26-35,Karnataka,HDFC,ICICI,Android,4G,0,2024,2,February,Q1,27-02-2024
358,24-02-2024 14:01,P2P,Entertainment,92,SUCCESS,36-45,18-25,Andhra Pradesh,Axis,ICICI,Android,5G,0,2024,2,February,Q1,24-02-2024
359,13-08-2024 21:51,P2M,Food,137,SUCCESS,26-35,46-55,Gujarat,SBI,IndusInd,Android,WiFi,0,2024,8,August,Q3,13-08-2024
360,26-07-2024 14:06,Recharge,Utilities,308,SUCCESS,26-35,18-25,Andhra Pradesh,SBI,SBI,Android,4G,0,2024,7,July,Q3,26-07-2024
361,28-08-2024 17:19,P2P,Transport,150,SUCCESS,56+,26-35,Karnataka,SBI,IndusInd,iOS,4G,0,2024,8,August,Q3,28-08-2024
362,18-07-2024 21:54,P2P,Transport,120,SUCCESS,26-35,46-55,Tamil Nadu,Yes Bank,SBI,Android,WiFi,0,2024,7,July,Q3,18-07-2024
363,07-10-2024 11:13,Bill Payment,Transport,134,SUCCESS,46-55,26-35,Tamil Nadu,SBI,ICICI,Android,5G,0,2024,10,October,Q4,07-10-2024
364,18-01-2024 23:08,P2M,Fuel,2418,SUCCESS,26-35,36-45,Karnataka,ICICI,ICICI,iOS,5G,0,2024,1,January,Q1,18-01-2024
365,22-01-2024 18:05,Recharge,Utilities,2766,FAILED,26-35,46-55,Rajasthan,Axis,HDFC,Android,4G,0,2024,1,January,Q1,22-01-2024
366,06-07-2024 15:49,P2M,Grocery,503,SUCCESS,36-45,56+,Maharashtra,SBI,SBI,Android,4G,0,2024,7,July,Q3,06-07-2024
367,25-12-2024 20:04,Recharge,Fuel,2678,SUCCESS,26-35,26-35,Gujarat,SBI,ICICI,iOS,5G,0,2024,12,December,Q4,25-12-2024
368,07-02-2024 20:32,P2M,Utilities,121,SUCCESS,26-35,26-35,Andhra Pradesh,Kotak,Axis,Android,4G,0,2024,2,February,Q1,07-02-2024
369,20-11-2024 12:16,P2M,Fuel,516,SUCCESS,46-55,18-25,Uttar Pradesh,ICICI,Kotak,Android,WiFi,0,2024,11,November,Q4,20-11-2024
370,08-05-2024 20:07,P2P,Transport,92,SUCCESS,46-55,18-25,Karnataka,ICICI,IndusInd,Android,4G,0,2024,5,May,Q2,08-05-2024
371,19-10-2024 15:21,P2P,Healthcare,1845,SUCCESS,46-55,26-35,Tamil Nadu,IndusInd,IndusInd,Android,4G,0,2024,10,October,Q4,19-10-2024
372,13-11-2024 21:21,P2P,Grocery,1630,SUCCESS,26-35,36-45,Rajasthan,ICICI,PNB,Android,4G,0,2024,11,November,Q4,13-11-2024
373,27-10-2024 17:46,P2P,Fuel,2588,SUCCESS,18-25,26-35,Maharashtra,HDFC,Yes Bank,iOS,4G,0,2024,10,October,Q4,27-10-2024
374,08-03-2024 17:03,P2M,Grocery,2392,SUCCESS,18-25,26-35,Gujarat,SBI,Axis,Android,3G,0,2024,3,March,Q1,08-03-2024
375,10-12-2024 22:55,P2P,Transport,35,SUCCESS,18-25,26-35,Andhra Pradesh,HDFC,Axis,Android,3G,0,2024,12,December,Q4,10-12-2024
376,31-05-2024 08:03,P2P,Other,607,SUCCESS,18-25,26-35,Karnataka,HDFC,SBI,Android,4G,0,2024,5,May,Q2,31-05-2024
377,14-12-2024 19:46,Bill Payment,Other,202,SUCCESS,36-45,26-35,Maharashtra,IndusInd,HDFC,iOS,4G,0,2024,12,December,Q4,14-12-2024
378,15-11-2024 10:05,P2M,Grocery,1685,SUCCESS,36-45,36-45,Karnataka,HDFC,IndusInd,Android,3G,0,2024,11,November,Q4,15-11-2024
379,07-02-2024 17:25,P2M,Shopping,4692,SUCCESS,26-35,46-55,Uttar Pradesh,HDFC,SBI,Web,5G,0,2024,2,February,Q1,07-02-2024
380,01-09-2024 19:12,P2P,Transport,667,SUCCESS,46-55,18-25,Rajasthan,SBI,SBI,Android,4G,0,2024,9,September,Q3,01-09-2024
381,21-11-2024 17:36,P2P,Food,1016,SUCCESS,36-45,26-35,Karnataka,Yes Bank,SBI,Android,4G,0,2024,11,November,Q4,21-11-2024
382,10-07-2024 22:00,P2M,Shopping,443,SUCCESS,18-25,36-45,Andhra Pradesh,SBI,Axis,Web,5G,0,2024,7,July,Q3,10-07-2024
383,11-11-2024 20:29,Recharge,Food,365,SUCCESS,36-45,36-45,Maharashtra,Yes Bank,HDFC,iOS,WiFi,0,2024,11,November,Q4,11-11-2024
384,14-09-2024 20:21,P2P,Other,1080,SUCCESS,46-55,36-45,Uttar Pradesh,Kotak,Axis,Web,4G,0,2024,9,September,Q3,14-09-2024
385,20-03-2024 19:29,P2P,Other,484,SUCCESS,18-25,18-25,Tamil Nadu,HDFC,SBI,Android,5G,0,2024,3,March,Q1,20-03-2024
386,09-05-2024 21:19,P2P,Shopping,391,FAILED,26-35,18-25,Delhi,HDFC,IndusInd,iOS,WiFi,0,2024,5,May,Q2,09-05-2024
387,25-07-2024 16:56,P2M,Fuel,4022,SUCCESS,36-45,18-25,Telangana,ICICI,IndusInd,iOS,5G,0,2024,7,July,Q3,25-07-2024
388,31-03-2024 19:15,P2M,Fuel,1352,SUCCESS,26-35,36-45,Uttar Pradesh,HDFC,HDFC,Web,4G,0,2024,3,March,Q1,31-03-2024
389,07-05-2024 14:25,P2P,Entertainment,573,SUCCESS,26-35,26-35,Rajasthan,IndusInd,Kotak,iOS,4G,0,2024,5,May,Q2,07-05-2024
390,20-05-2024 16:37,P2M,Shopping,1008,SUCCESS,36-45,18-25,Uttar Pradesh,SBI,ICICI,Android,4G,0,2024,5,May,Q2,20-05-2024
391,17-05-2024 17:05,P2P,Grocery,1957,SUCCESS,26-35,26-35,Maharashtra,Yes Bank,ICICI,Android,5G,0,2024,5,May,Q2,17-05-2024
392,21-01-2024 00:32,P2M,Entertainment,410,SUCCESS,26-35,18-25,Tamil Nadu,SBI,Yes Bank,Android,4G,0,2024,1,January,Q1,21-01-2024
393,18-12-2024 19:38,P2P,Utilities,3267,FAILED,46-55,46-55,Tamil Nadu,HDFC,Yes Bank,Android,4G,0,2024,12,December,Q4,18-12-2024
394,26-09-2024 19:35,P2P,Food,1825,SUCCESS,26-35,36-45,Tamil Nadu,IndusInd,PNB,iOS,5G,0,2024,9,September,Q3,26-09-2024
395,30-05-2024 16:34,P2M,Healthcare,258,SUCCESS,18-25,46-55,Gujarat,ICICI,Kotak,Android,WiFi,0,2024,5,May,Q2,30-05-2024
396,24-05-2024 07:06,Bill Payment,Education,1461,SUCCESS,36-45,36-45,Maharashtra,Kotak,Axis,Android,4G,0,2024,5,May,Q2,24-05-2024
397,28-12-2024 17:19,P2P,Grocery,431,SUCCESS,56+,18-25,Uttar Pradesh,ICICI,Kotak,Android,4G,0,2024,12,December,Q4,28-12-2024
398,12-01-2024 19:37,P2M,Utilities,326,SUCCESS,46-55,46-55,Telangana,ICICI,Axis,iOS,4G,0,2024,1,January,Q1,12-01-2024
399,08-06-2024 18:35,P2M,Other,479,SUCCESS,56+,18-25,Tamil Nadu,Axis,IndusInd,Android,4G,0,2024,6,June,Q2,08-06-2024
400,28-07-2024 14:39,P2M,Shopping,2159,SUCCESS,18-25,18-25,Delhi,SBI,HDFC,Web,4G,0,2024,7,July,Q3,28-07-2024
401,21-03-2024 09:03,Recharge,Fuel,960,SUCCESS,26-35,18-25,Tamil Nadu,ICICI,HDFC,Android,4G,0,2024,3,March,Q1,21-03-2024
402,09-09-2024 18:31,Bill Payment,Fuel,587,SUCCESS,26-35,46-55,Delhi,HDFC,SBI,Android,4G,0,2024,9,September,Q3,09-09-2024
403,30-09-2024 16:46,P2P,Entertainment,179,SUCCESS,56+,26-35,Telangana,ICICI,ICICI,Android,5G,0,2024,9,September,Q3,30-09-2024
404,03-05-2024 18:59,P2M,Grocery,238,SUCCESS,18-25,56+,Maharashtra,Yes Bank,SBI,iOS,WiFi,0,2024,5,May,Q2,03-05-2024
405,02-01-2024 15:10,P2M,Shopping,6083,SUCCESS,26-35,18-25,Delhi,SBI,SBI,Android,4G,0,2024,1,January,Q1,02-01-2024
406,07-09-2024 22:53,Bill Payment,Shopping,1612,SUCCESS,36-45,26-35,Karnataka,SBI,ICICI,iOS,4G,0,2024,9,September,Q3,07-09-2024
407,30-09-2024 16:53,P2P,Healthcare,459,SUCCESS,18-25,18-25,Gujarat,IndusInd,Axis,Android,4G,0,2024,9,September,Q3,30-09-2024
408,30-09-2024 15:07,P2P,Entertainment,369,SUCCESS,36-45,18-25,West Bengal,SBI,SBI,Android,5G,0,2024,9,September,Q3,30-09-2024
409,11-08-2024 13:29,P2P,Other,469,SUCCESS,26-35,46-55,Tamil Nadu,Kotak,Axis,Android,5G,0,2024,8,August,Q3,11-08-2024
410,02-01-2024 21:25,P2P,Grocery,420,SUCCESS,36-45,26-35,Telangana,HDFC,Axis,Android,5G,0,2024,1,January,Q1,02-01-2024
411,13-04-2024 06:30,P2P,Healthcare,406,SUCCESS,36-45,46-55,Uttar Pradesh,HDFC,Axis,Android,4G,0,2024,4,April,Q2,13-04-2024
412,23-02-2024 18:33,P2M,Other,358,SUCCESS,18-25,18-25,Delhi,Yes Bank,HDFC,Android,4G,0,2024,2,February,Q1,23-02-2024
413,14-10-2024 17:40,Bill Payment,Utilities,3508,SUCCESS,26-35,18-25,Andhra Pradesh,Yes Bank,HDFC,Android,3G,0,2024,10,October,Q4,14-10-2024
414,15-09-2024 10:03,P2M,Fuel,1869,SUCCESS,18-25,46-55,West Bengal,Axis,Axis,iOS,4G,0,2024,9,September,Q3,15-09-2024
415,05-07-2024 18:32,P2M,Grocery,514,SUCCESS,26-35,36-45,Karnataka,Yes Bank,Kotak,Android,3G,0,2024,7,July,Q3,05-07-2024
416,08-08-2024 20:13,P2P,Utilities,1980,SUCCESS,26-35,26-35,Telangana,IndusInd,SBI,iOS,4G,0,2024,8,August,Q3,08-08-2024
417,23-10-2024 20:12,Bill Payment,Grocery,320,SUCCESS,56+,36-45,Uttar Pradesh,Kotak,IndusInd,Android,WiFi,0,2024,10,October,Q4,23-10-2024
418,28-10-2024 20:40,P2P,Food,651,SUCCESS,26-35,26-35,Telangana,SBI,ICICI,Android,4G,0,2024,10,October,Q4,28-10-2024
419,07-11-2024 20:03,Bill Payment,Shopping,199,SUCCESS,18-25,36-45,Tamil Nadu,Axis,PNB,Android,5G,0,2024,11,November,Q4,07-11-2024
420,29-08-2024 15:10,P2M,Utilities,3091,SUCCESS,46-55,36-45,Delhi,IndusInd,IndusInd,Android,4G,0,2024,8,August,Q3,29-08-2024
421,11-07-2024 20:19,P2P,Shopping,165,SUCCESS,46-55,46-55,Delhi,Kotak,IndusInd,Android,WiFi,0,2024,7,July,Q3,11-07-2024
422,08-09-2024 17:14,P2P,Grocery,250,SUCCESS,18-25,26-35,Maharashtra,Yes Bank,IndusInd,Android,4G,0,2024,9,September,Q3,08-09-2024
423,24-04-2024 23:19,P2P,Transport,351,SUCCESS,36-45,46-55,Delhi,HDFC,HDFC,Android,4G,0,2024,4,April,Q2,24-04-2024
424,11-12-2024 21:48,P2P,Shopping,1862,SUCCESS,36-45,46-55,Maharashtra,Kotak,HDFC,Android,4G,0,2024,12,December,Q4,11-12-2024
425,03-09-2024 14:57,P2M,Food,1332,SUCCESS,26-35,36-45,Karnataka,HDFC,ICICI,Android,5G,0,2024,9,September,Q3,03-09-2024
426,02-01-2024 19:51,P2P,Shopping,932,FAILED,36-45,18-25,Andhra Pradesh,IndusInd,HDFC,Web,5G,0,2024,1,January,Q1,02-01-2024
427,28-06-2024 18:14,P2P,Utilities,3014,SUCCESS,26-35,26-35,Rajasthan,SBI,HDFC,Android,4G,0,2024,6,June,Q2,28-06-2024
428,19-03-2024 18:50,P2M,Grocery,301,SUCCESS,56+,18-25,Maharashtra,HDFC,HDFC,Android,4G,0,2024,3,March,Q1,19-03-2024
429,18-10-2024 01:02,P2P,Healthcare,368,SUCCESS,46-55,36-45,Maharashtra,HDFC,Yes Bank,iOS,5G,0,2024,10,October,Q4,18-10-2024
430,22-03-2024 05:15,P2M,Other,757,SUCCESS,26-35,26-35,Maharashtra,HDFC,SBI,Android,4G,0,2024,3,March,Q1,22-03-2024
431,05-12-2024 12:17,P2M,Food,241,SUCCESS,18-25,36-45,Maharashtra,HDFC,ICICI,Android,4G,0,2024,12,December,Q4,05-12-2024
432,27-10-2024 13:16,P2M,Food,83,SUCCESS,26-35,36-45,Telangana,ICICI,HDFC,Android,4G,0,2024,10,October,Q4,27-10-2024
433,02-11-2024 15:11,P2M,Other,197,SUCCESS,18-25,26-35,Maharashtra,SBI,SBI,Android,4G,0,2024,11,November,Q4,02-11-2024
434,29-11-2024 19:02,P2M,Entertainment,378,SUCCESS,36-45,18-25,Maharashtra,SBI,SBI,Android,4G,0,2024,11,November,Q4,29-11-2024
435,14-04-2024 15:43,Bill Payment,Other,634,FAILED,26-35,18-25,Tamil Nadu,ICICI,SBI,iOS,WiFi,0,2024,4,April,Q2,14-04-2024
436,25-05-2024 21:34,P2P,Other,604,SUCCESS,26-35,46-55,Rajasthan,ICICI,SBI,Android,5G,0,2024,5,May,Q2,25-05-2024
437,12-06-2024 21:21,Bill Payment,Food,738,SUCCESS,36-45,26-35,Rajasthan,ICICI,ICICI,Android,5G,0,2024,6,June,Q2,12-06-2024
438,09-06-2024 21:35,P2P,Grocery,1898,SUCCESS,26-35,26-35,Delhi,HDFC,IndusInd,iOS,WiFi,0,2024,6,June,Q2,09-06-2024
439,17-11-2024 22:50,P2M,Shopping,213,SUCCESS,36-45,36-45,Karnataka,SBI,SBI,Android,4G,0,2024,11,November,Q4,17-11-2024
440,24-02-2024 19:52,P2P,Healthcare,122,SUCCESS,18-25,46-55,West Bengal,IndusInd,Yes Bank,Android,4G,0,2024,2,February,Q1,24-02-2024
441,28-09-2024 12:30,P2M,Healthcare,160,SUCCESS,18-25,56+,Uttar Pradesh,SBI,IndusInd,Android,4G,0,2024,9,September,Q3,28-09-2024
442,07-03-2024 19:16,P2P,Shopping,1575,SUCCESS,26-35,36-45,Maharashtra,Axis,SBI,iOS,4G,0,2024,3,March,Q1,07-03-2024
443,28-03-2024 08:35,P2M,Utilities,15583,SUCCESS,26-35,18-25,Telangana,HDFC,ICICI,Android,5G,0,2024,3,March,Q1,28-03-2024
444,13-04-2024 09:59,P2P,Shopping,2950,SUCCESS,46-55,36-45,Telangana,SBI,HDFC,Android,4G,0,2024,4,April,Q2,13-04-2024
445,05-08-2024 18:11,Recharge,Shopping,135,SUCCESS,36-45,36-45,Karnataka,SBI,SBI,Android,4G,0,2024,8,August,Q3,05-08-2024
446,04-10-2024 13:06,Bill Payment,Shopping,367,SUCCESS,18-25,36-45,Uttar Pradesh,IndusInd,SBI,Android,4G,0,2024,10,October,Q4,04-10-2024
447,24-10-2024 18:48,P2M,Shopping,1788,SUCCESS,46-55,18-25,Delhi,HDFC,Kotak,iOS,4G,0,2024,10,October,Q4,24-10-2024
448,22-04-2024 18:11,Bill Payment,Grocery,137,SUCCESS,36-45,26-35,West Bengal,SBI,Yes Bank,Android,5G,0,2024,4,April,Q2,22-04-2024
449,10-06-2024 16:32,P2P,Fuel,1260,SUCCESS,26-35,26-35,Delhi,HDFC,HDFC,iOS,5G,0,2024,6,June,Q2,10-06-2024
450,21-05-2024 19:45,P2P,Fuel,837,SUCCESS,26-35,18-25,Gujarat,ICICI,SBI,Web,4G,0,2024,5,May,Q2,21-05-2024
451,04-01-2024 07:18,P2P,Education,1051,SUCCESS,18-25,36-45,Delhi,ICICI,SBI,Android,4G,0,2024,1,January,Q1,04-01-2024
452,03-10-2024 10:31,P2M,Entertainment,322,FAILED,18-25,26-35,Maharashtra,SBI,SBI,iOS,5G,0,2024,10,October,Q4,03-10-2024
453,31-10-2024 17:57,Bill Payment,Grocery,476,SUCCESS,26-35,46-55,Telangana,Axis,Axis,Android,4G,0,2024,10,October,Q4,31-10-2024
454,19-02-2024 20:13,Recharge,Entertainment,588,SUCCESS,56+,18-25,Gujarat,SBI,PNB,Android,4G,0,2024,2,February,Q1,19-02-2024
455,27-10-2024 09:40,P2M,Healthcare,383,SUCCESS,46-55,36-45,Telangana,PNB,SBI,iOS,5G,0,2024,10,October,Q4,27-10-2024
456,23-06-2024 19:11,P2M,Food,100,SUCCESS,46-55,26-35,Telangana,IndusInd,HDFC,Android,4G,0,2024,6,June,Q2,23-06-2024
457,31-05-2024 10:06,Bill Payment,Fuel,3218,SUCCESS,26-35,46-55,Telangana,Axis,Kotak,Android,3G,0,2024,5,May,Q2,31-05-2024
458,05-09-2024 19:36,P2P,Grocery,1363,SUCCESS,36-45,18-25,West Bengal,Axis,IndusInd,Android,WiFi,0,2024,9,September,Q3,05-09-2024
459,19-02-2024 15:37,P2P,Transport,271,SUCCESS,36-45,26-35,Uttar Pradesh,ICICI,PNB,Android,WiFi,0,2024,2,February,Q1,19-02-2024
460,03-01-2024 12:07,P2P,Grocery,747,SUCCESS,26-35,18-25,Maharashtra,ICICI,ICICI,Android,WiFi,0,2024,1,January,Q1,03-01-2024
461,26-08-2024 17:42,P2P,Grocery,2734,SUCCESS,26-35,26-35,Uttar Pradesh,Kotak,HDFC,Android,4G,0,2024,8,August,Q3,26-08-2024
462,15-10-2024 20:18,Bill Payment,Utilities,3603,FAILED,18-25,46-55,Delhi,Kotak,PNB,Android,5G,0,2024,10,October,Q4,15-10-2024
463,27-12-2024 20:35,P2P,Transport,34,SUCCESS,56+,56+,West Bengal,HDFC,ICICI,Android,4G,0,2024,12,December,Q4,27-12-2024
464,23-07-2024 18:35,P2P,Food,1559,SUCCESS,26-35,26-35,Tamil Nadu,SBI,PNB,Android,3G,0,2024,7,July,Q3,23-07-2024
465,01-10-2024 20:39,Bill Payment,Utilities,372,SUCCESS,46-55,46-55,Andhra Pradesh,IndusInd,IndusInd,Android,5G,0,2024,10,October,Q4,01-10-2024
466,01-09-2024 14:16,P2P,Shopping,498,SUCCESS,36-45,46-55,Rajasthan,SBI,Kotak,Android,4G,0,2024,9,September,Q3,01-09-2024
467,26-07-2024 23:51,Recharge,Entertainment,127,SUCCESS,46-55,26-35,Uttar Pradesh,Axis,ICICI,Android,4G,0,2024,7,July,Q3,26-07-2024
468,12-08-2024 20:17,P2P,Other,452,SUCCESS,26-35,46-55,Maharashtra,Axis,Kotak,Android,4G,0,2024,8,August,Q3,12-08-2024
469,21-07-2024 17:50,P2M,Shopping,2709,SUCCESS,26-35,26-35,Tamil Nadu,HDFC,Axis,Android,4G,0,2024,7,July,Q3,21-07-2024
470,11-04-2024 21:21,P2P,Grocery,198,SUCCESS,36-45,18-25,Delhi,SBI,Yes Bank,Android,4G,0,2024,4,April,Q2,11-04-2024
471,16-10-2024 18:35,Bill Payment,Grocery,1248,SUCCESS,26-35,18-25,Tamil Nadu,IndusInd,SBI,Android,4G,0,2024,10,October,Q4,16-10-2024
472,30-03-2024 23:10,P2P,Other,756,SUCCESS,46-55,36-45,Telangana,Kotak,IndusInd,Android,4G,0,2024,3,March,Q1,30-03-2024
473,03-10-2024 18:23,P2P,Other,227,SUCCESS,18-25,36-45,Telangana,PNB,Yes Bank,Android,4G,0,2024,10,October,Q4,03-10-2024
474,27-11-2024 07:55,P2M,Utilities,3388,SUCCESS,36-45,26-35,Andhra Pradesh,IndusInd,IndusInd,Android,5G,0,2024,11,November,Q4,27-11-2024
475,07-09-2024 17:13,Bill Payment,Grocery,2018,SUCCESS,26-35,18-25,West Bengal,SBI,SBI,Web,4G,0,2024,9,September,Q3,07-09-2024
476,22-03-2024 18:43,P2P,Food,1205,SUCCESS,46-55,36-45,Gujarat,ICICI,Yes Bank,Android,4G,0,2024,3,March,Q1,22-03-2024
477,20-09-2024 21:57,P2M,Food,572,SUCCESS,18-25,18-25,Karnataka,Kotak,PNB,Android,4G,0,2024,9,September,Q3,20-09-2024
478,01-09-2024 12:02,Bill Payment,Shopping,800,FAILED,18-25,26-35,Uttar Pradesh,PNB,Axis,Android,4G,0,2024,9,September,Q3,01-09-2024
479,09-04-2024 22:34,P2P,Shopping,881,FAILED,26-35,36-45,Maharashtra,SBI,HDFC,Android,5G,0,2024,4,April,Q2,09-04-2024
480,19-02-2024 18:44,P2M,Grocery,1537,SUCCESS,18-25,46-55,Maharashtra,IndusInd,SBI,Android,4G,0,2024,2,February,Q1,19-02-2024
481,05-02-2024 13:03,P2P,Other,1791,SUCCESS,18-25,46-55,Maharashtra,SBI,Yes Bank,Android,WiFi,0,2024,2,February,Q1,05-02-2024
482,01-01-2024 03:45,Bill Payment,Shopping,1122,SUCCESS,26-35,36-45,Maharashtra,Yes Bank,HDFC,Android,5G,0,2024,1,January,Q1,01-01-2024
483,04-06-2024 19:38,P2M,Other,753,SUCCESS,18-25,18-25,Andhra Pradesh,IndusInd,Axis,iOS,4G,0,2024,6,June,Q2,04-06-2024
484,21-06-2024 13:19,P2M,Transport,78,SUCCESS,18-25,36-45,Uttar Pradesh,IndusInd,SBI,Android,WiFi,0,2024,6,June,Q2,21-06-2024
485,08-10-2024 18:12,P2M,Shopping,308,SUCCESS,26-35,18-25,Delhi,Yes Bank,ICICI,Android,4G,0,2024,10,October,Q4,08-10-2024
486,01-12-2024 18:19,P2M,Shopping,1288,SUCCESS,26-35,18-25,West Bengal,SBI,PNB,Android,WiFi,0,2024,12,December,Q4,01-12-2024
487,14-06-2024 17:19,P2P,Entertainment,500,SUCCESS,18-25,26-35,Rajasthan,ICICI,HDFC,Android,5G,0,2024,6,June,Q2,14-06-2024
488,26-12-2024 12:33,P2P,Transport,124,SUCCESS,26-35,46-55,Delhi,SBI,Axis,Android,4G,0,2024,12,December,Q4,26-12-2024
489,25-03-2024 20:15,P2M,Grocery,244,SUCCESS,26-35,26-35,Maharashtra,SBI,SBI,iOS,5G,0,2024,3,March,Q1,25-03-2024
490,07-03-2024 08:50,P2P,Other,822,SUCCESS,18-25,26-35,Karnataka,IndusInd,HDFC,iOS,4G,0,2024,3,March,Q1,07-03-2024
491,18-10-2024 15:11,P2M,Food,585,SUCCESS,26-35,26-35,Uttar Pradesh,HDFC,SBI,iOS,4G,0,2024,10,October,Q4,18-10-2024
492,13-03-2024 07:00,Bill Payment,Utilities,1605,SUCCESS,18-25,26-35,Karnataka,Axis,SBI,Android,5G,0,2024,3,March,Q1,13-03-2024
493,09-11-2024 12:45,P2P,Entertainment,247,SUCCESS,18-25,26-35,Karnataka,Axis,PNB,iOS,5G,0,2024,11,November,Q4,09-11-2024
494,30-06-2024 19:33,P2P,Entertainment,893,SUCCESS,36-45,36-45,Maharashtra,PNB,ICICI,Android,4G,0,2024,6,June,Q2,30-06-2024
495,13-08-2024 21:14,P2P,Food,234,SUCCESS,26-35,36-45,Tamil Nadu,HDFC,SBI,Android,4G,0,2024,8,August,Q3,13-08-2024
496,06-02-2024 14:12,Bill Payment,Other,734,SUCCESS,26-35,26-35,Tamil Nadu,SBI,SBI,Android,5G,0,2024,2,February,Q1,06-02-2024
497,21-09-2024 09:07,Bill Payment,Other,1910,FAILED,18-25,18-25,Gujarat,HDFC,HDFC,Android,4G,0,2024,9,September,Q3,21-09-2024
498,01-05-2024 10:03,Bill Payment,Grocery,2462,SUCCESS,36-45,26-35,Maharashtra,Yes Bank,Yes Bank,Android,4G,0,2024,5,May,Q2,01-05-2024
499,29-07-2024 10:02,Bill Payment,Shopping,1131,SUCCESS,26-35,26-35,Maharashtra,HDFC,HDFC,Android,4G,0,2024,7,July,Q3,29-07-2024
500,19-08-2024 11:11,P2P,Utilities,1518,SUCCESS,26-35,18-25,Andhra Pradesh,PNB,Kotak,Android,4G,0,2024,8,August,Q3,19-08-2024
501,13-12-2024 07:57,P2P,Healthcare,334,SUCCESS,26-35,36-45,West Bengal,PNB,SBI,Android,4G,0,2024,12,December,Q4,13-12-2024
502,21-12-2024 15:03,P2P,Entertainment,283,SUCCESS,26-35,36-45,Maharashtra,Kotak,HDFC,Android,4G,0,2024,12,December,Q4,21-12-2024
503,31-01-2024 13:50,P2P,Food,388,SUCCESS,36-45,18-25,Karnataka,Kotak,Yes Bank,Android,WiFi,0,2024,1,January,Q1,31-01-2024
504,30-05-2024 18:00,P2P,Other,554,FAILED,18-25,36-45,Karnataka,SBI,Kotak,Android,4G,0,2024,5,May,Q2,30-05-2024
505,23-09-2024 15:13,P2M,Food,103,SUCCESS,36-45,36-45,Rajasthan,HDFC,Yes Bank,Android,5G,0,2024,9,September,Q3,23-09-2024
506,13-07-2024 09:45,P2P,Food,133,SUCCESS,18-25,26-35,Delhi,IndusInd,HDFC,Android,4G,0,2024,7,July,Q3,13-07-2024
507,09-01-2024 05:40,Bill Payment,Other,286,SUCCESS,36-45,18-25,Andhra Pradesh,SBI,ICICI,Android,WiFi,0,2024,1,January,Q1,09-01-2024
508,09-10-2024 20:37,P2P,Entertainment,218,SUCCESS,26-35,18-25,Maharashtra,Axis,HDFC,iOS,WiFi,0,2024,10,October,Q4,09-10-2024
509,28-10-2024 21:14,P2M,Food,119,SUCCESS,26-35,36-45,Maharashtra,Yes Bank,HDFC,Android,5G,0,2024,10,October,Q4,28-10-2024
510,27-10-2024 16:01,P2P,Transport,189,SUCCESS,18-25,56+,Rajasthan,HDFC,IndusInd,Android,5G,0,2024,10,October,Q4,27-10-2024
511,11-01-2024 21:58,P2M,Entertainment,661,SUCCESS,36-45,18-25,Tamil Nadu,HDFC,PNB,Android,5G,0,2024,1,January,Q1,11-01-2024
512,02-09-2024 19:06,P2P,Grocery,222,SUCCESS,36-45,56+,Maharashtra,PNB,SBI,Android,WiFi,0,2024,9,September,Q3,02-09-2024
513,13-09-2024 09:39,P2P,Grocery,1064,SUCCESS,18-25,36-45,Tamil Nadu,ICICI,Axis,Android,4G,0,2024,9,September,Q3,13-09-2024
514,02-01-2024 18:12,P2P,Food,476,SUCCESS,56+,18-25,Telangana,IndusInd,SBI,iOS,4G,0,2024,1,January,Q1,02-01-2024
515,28-06-2024 11:22,P2M,Fuel,4976,SUCCESS,46-55,36-45,Tamil Nadu,Kotak,SBI,Android,4G,0,2024,6,June,Q2,28-06-2024
516,30-08-2024 09:35,P2M,Fuel,4305,SUCCESS,26-35,18-25,Telangana,HDFC,Axis,Android,4G,0,2024,8,August,Q3,30-08-2024
517,08-02-2024 13:43,P2M,Food,497,SUCCESS,18-25,18-25,Maharashtra,Yes Bank,IndusInd,iOS,4G,0,2024,2,February,Q1,08-02-2024
518,20-03-2024 11:10,P2P,Food,265,SUCCESS,36-45,36-45,West Bengal,HDFC,SBI,iOS,5G,0,2024,3,March,Q1,20-03-2024
519,12-09-2024 02:30,P2M,Entertainment,1715,SUCCESS,26-35,26-35,Telangana,SBI,HDFC,iOS,5G,0,2024,9,September,Q3,12-09-2024
520,16-06-2024 08:16,Recharge,Shopping,166,SUCCESS,26-35,26-35,Uttar Pradesh,SBI,PNB,Android,4G,0,2024,6,June,Q2,16-06-2024
521,21-05-2024 18:45,Bill Payment,Other,432,SUCCESS,26-35,46-55,Karnataka,HDFC,PNB,Android,WiFi,0,2024,5,May,Q2,21-05-2024
522,12-02-2024 06:59,P2M,Shopping,9541,SUCCESS,18-25,36-45,Tamil Nadu,IndusInd,Axis,Android,4G,0,2024,2,February,Q1,12-02-2024
523,10-05-2024 13:25,Recharge,Grocery,1086,SUCCESS,56+,18-25,Delhi,ICICI,SBI,Android,5G,0,2024,5,May,Q2,10-05-2024
524,29-03-2024 18:04,Bill Payment,Fuel,473,SUCCESS,26-35,18-25,Rajasthan,Yes Bank,IndusInd,iOS,4G,0,2024,3,March,Q1,29-03-2024
525,26-01-2024 22:25,P2M,Shopping,646,SUCCESS,36-45,36-45,Delhi,SBI,SBI,Android,4G,0,2024,1,January,Q1,26-01-2024
526,16-08-2024 01:17,P2P,Utilities,2243,SUCCESS,18-25,18-25,Rajasthan,PNB,Axis,Android,4G,0,2024,8,August,Q3,16-08-2024
527,11-09-2024 10:40,P2P,Entertainment,123,SUCCESS,36-45,26-35,Uttar Pradesh,SBI,Yes Bank,Android,5G,0,2024,9,September,Q3,11-09-2024
528,19-05-2024 16:32,P2P,Healthcare,966,SUCCESS,56+,18-25,Maharashtra,IndusInd,PNB,Android,4G,0,2024,5,May,Q2,19-05-2024
529,15-08-2024 03:12,P2M,Education,3795,SUCCESS,46-55,26-35,Rajasthan,SBI,Axis,Android,5G,0,2024,8,August,Q3,15-08-2024
530,15-09-2024 23:27,P2P,Utilities,3474,SUCCESS,18-25,26-35,Delhi,Axis,Axis,Android,5G,0,2024,9,September,Q3,15-09-2024
531,14-01-2024 19:41,Recharge,Shopping,6859,SUCCESS,26-35,26-35,West Bengal,HDFC,Kotak,Android,4G,0,2024,1,January,Q1,14-01-2024
532,19-08-2024 16:33,P2P,Grocery,248,SUCCESS,26-35,26-35,Karnataka,PNB,Kotak,Android,4G,0,2024,8,August,Q3,19-08-2024
533,10-12-2024 12:35,Recharge,Transport,73,SUCCESS,18-25,46-55,Tamil Nadu,HDFC,ICICI,Web,4G,0,2024,12,December,Q4,10-12-2024
534,25-10-2024 15:55,P2M,Grocery,909,FAILED,26-35,36-45,Maharashtra,PNB,IndusInd,Android,4G,0,2024,10,October,Q4,25-10-2024
535,23-08-2024 11:58,Bill Payment,Grocery,375,SUCCESS,46-55,18-25,West Bengal,IndusInd,Axis,iOS,4G,0,2024,8,August,Q3,23-08-2024
536,02-01-2024 22:04,P2M,Utilities,293,SUCCESS,36-45,56+,Delhi,SBI,SBI,iOS,4G,0,2024,1,January,Q1,02-01-2024
537,12-04-2024 10:32,P2M,Other,444,SUCCESS,26-35,56+,Karnataka,PNB,IndusInd,Android,5G,0,2024,4,April,Q2,12-04-2024
538,22-08-2024 22:38,P2M,Fuel,2065,SUCCESS,18-25,26-35,Uttar Pradesh,ICICI,Yes Bank,Android,5G,0,2024,8,August,Q3,22-08-2024
539,08-02-2024 15:31,P2P,Utilities,4001,SUCCESS,26-35,46-55,Tamil Nadu,IndusInd,IndusInd,Android,4G,0,2024,2,February,Q1,08-02-2024
540,17-12-2024 14:41,P2P,Shopping,631,SUCCESS,18-25,36-45,Uttar Pradesh,Kotak,PNB,Android,3G,0,2024,12,December,Q4,17-12-2024
541,20-01-2024 14:25,P2M,Transport,337,SUCCESS,56+,26-35,Karnataka,SBI,IndusInd,Android,5G,0,2024,1,January,Q1,20-01-2024
542,22-11-2024 06:54,P2M,Entertainment,725,SUCCESS,46-55,18-25,Andhra Pradesh,Yes Bank,Yes Bank,iOS,4G,0,2024,11,November,Q4,22-11-2024
543,02-04-2024 17:13,P2M,Shopping,811,SUCCESS,36-45,26-35,Rajasthan,HDFC,ICICI,Android,4G,0,2024,4,April,Q2,02-04-2024
544,04-09-2024 14:39,P2M,Fuel,3673,SUCCESS,18-25,18-25,Maharashtra,Yes Bank,ICICI,Android,4G,0,2024,9,September,Q3,04-09-2024
545,24-06-2024 16:21,P2P,Other,376,SUCCESS,36-45,56+,Rajasthan,SBI,Yes Bank,Android,WiFi,0,2024,6,June,Q2,24-06-2024
546,24-02-2024 18:55,P2P,Food,453,SUCCESS,26-35,26-35,West Bengal,IndusInd,Kotak,Android,WiFi,0,2024,2,February,Q1,24-02-2024
547,29-03-2024 18:31,P2M,Shopping,5220,SUCCESS,18-25,36-45,West Bengal,SBI,Kotak,Android,5G,0,2024,3,March,Q1,29-03-2024
548,14-12-2024 09:45,P2P,Grocery,316,FAILED,18-25,36-45,Maharashtra,SBI,ICICI,iOS,5G,0,2024,12,December,Q4,14-12-2024
549,06-08-2024 17:35,Recharge,Entertainment,705,SUCCESS,36-45,26-35,Uttar Pradesh,SBI,ICICI,Android,4G,0,2024,8,August,Q3,06-08-2024
550,30-12-2024 20:38,P2P,Food,378,SUCCESS,26-35,36-45,Uttar Pradesh,ICICI,ICICI,Android,4G,0,2024,12,December,Q4,30-12-2024
551,12-11-2024 17:59,P2P,Fuel,2170,SUCCESS,18-25,46-55,Andhra Pradesh,HDFC,HDFC,Android,4G,0,2024,11,November,Q4,12-11-2024
552,20-12-2024 20:56,P2M,Food,496,SUCCESS,36-45,56+,Delhi,SBI,HDFC,Android,5G,0,2024,12,December,Q4,20-12-2024
553,10-06-2024 18:03,P2M,Shopping,8360,SUCCESS,18-25,26-35,Telangana,HDFC,IndusInd,Android,4G,0,2024,6,June,Q2,10-06-2024
554,20-10-2024 18:51,P2M,Food,228,SUCCESS,36-45,18-25,Delhi,Yes Bank,PNB,Android,4G,0,2024,10,October,Q4,20-10-2024
555,01-02-2024 20:45,P2P,Grocery,465,SUCCESS,36-45,56+,Rajasthan,Yes Bank,ICICI,Android,WiFi,0,2024,2,February,Q1,01-02-2024
556,23-04-2024 13:40,P2P,Utilities,4885,SUCCESS,18-25,18-25,Tamil Nadu,SBI,Yes Bank,iOS,5G,0,2024,4,April,Q2,23-04-2024
557,30-03-2024 20:52,P2M,Fuel,564,SUCCESS,26-35,18-25,Karnataka,IndusInd,SBI,Android,WiFi,0,2024,3,March,Q1,30-03-2024
558,28-01-2024 21:23,P2M,Shopping,3336,SUCCESS,36-45,56+,Maharashtra,HDFC,IndusInd,Android,WiFi,0,2024,1,January,Q1,28-01-2024
559,18-12-2024 16:11,P2M,Utilities,2020,SUCCESS,18-25,36-45,Rajasthan,IndusInd,PNB,Android,4G,0,2024,12,December,Q4,18-12-2024
560,16-07-2024 19:42,P2P,Grocery,231,SUCCESS,18-25,26-35,Karnataka,SBI,Kotak,iOS,4G,0,2024,7,July,Q3,16-07-2024
561,15-10-2024 21:51,P2P,Shopping,1043,SUCCESS,36-45,18-25,Andhra Pradesh,SBI,ICICI,Android,4G,0,2024,10,October,Q4,15-10-2024
562,03-01-2024 12:48,P2M,Utilities,3858,SUCCESS,18-25,26-35,Telangana,Yes Bank,SBI,Android,4G,0,2024,1,January,Q1,03-01-2024
563,02-08-2024 12:47,Bill Payment,Shopping,1519,SUCCESS,36-45,26-35,Rajasthan,SBI,Kotak,iOS,4G,0,2024,8,August,Q3,02-08-2024
564,06-10-2024 22:23,P2P,Grocery,502,SUCCESS,18-25,26-35,Delhi,Axis,SBI,Android,4G,0,2024,10,October,Q4,06-10-2024
565,29-12-2024 22:21,P2M,Shopping,3927,SUCCESS,18-25,18-25,Karnataka,HDFC,Axis,Android,4G,0,2024,12,December,Q4,29-12-2024
566,24-08-2024 09:05,P2M,Grocery,3803,SUCCESS,36-45,36-45,Andhra Pradesh,Yes Bank,PNB,iOS,3G,0,2024,8,August,Q3,24-08-2024
567,07-10-2024 04:53,P2P,Grocery,2533,SUCCESS,56+,36-45,Rajasthan,Yes Bank,Kotak,Android,3G,0,2024,10,October,Q4,07-10-2024
568,01-03-2024 19:06,Bill Payment,Utilities,6857,SUCCESS,26-35,36-45,West Bengal,Axis,Kotak,Android,4G,0,2024,3,March,Q1,01-03-2024
569,07-08-2024 15:10,P2M,Utilities,645,SUCCESS,26-35,18-25,Tamil Nadu,HDFC,PNB,Web,4G,0,2024,8,August,Q3,07-08-2024
570,28-05-2024 09:51,P2P,Shopping,4394,SUCCESS,36-45,18-25,Karnataka,SBI,HDFC,Android,4G,0,2024,5,May,Q2,28-05-2024
571,01-03-2024 20:59,P2M,Grocery,93,SUCCESS,18-25,18-25,Uttar Pradesh,IndusInd,Axis,Android,4G,0,2024,3,March,Q1,01-03-2024
572,17-03-2024 18:28,Bill Payment,Transport,191,SUCCESS,26-35,26-35,Uttar Pradesh,ICICI,PNB,Android,4G,0,2024,3,March,Q1,17-03-2024
573,26-06-2024 11:38,Bill Payment,Food,668,SUCCESS,18-25,36-45,West Bengal,IndusInd,Kotak,iOS,4G,0,2024,6,June,Q2,26-06-2024
574,10-11-2024 12:45,P2M,Entertainment,88,SUCCESS,46-55,18-25,Andhra Pradesh,SBI,IndusInd,Android,4G,0,2024,11,November,Q4,10-11-2024
575,29-04-2024 16:01,P2M,Shopping,1371,SUCCESS,26-35,18-25,West Bengal,SBI,SBI,Android,4G,0,2024,4,April,Q2,29-04-2024
576,05-09-2024 14:59,P2M,Healthcare,214,SUCCESS,18-25,26-35,Rajasthan,SBI,SBI,Android,4G,0,2024,9,September,Q3,05-09-2024
577,29-07-2024 10:55,P2P,Shopping,776,SUCCESS,56+,26-35,Uttar Pradesh,ICICI,PNB,Android,5G,0,2024,7,July,Q3,29-07-2024
578,04-04-2024 13:43,P2M,Utilities,3101,SUCCESS,36-45,36-45,Telangana,SBI,SBI,Android,4G,0,2024,4,April,Q2,04-04-2024
579,29-04-2024 21:19,P2M,Transport,655,SUCCESS,26-35,18-25,Tamil Nadu,SBI,IndusInd,iOS,4G,0,2024,4,April,Q2,29-04-2024
580,21-07-2024 13:00,P2P,Utilities,2332,SUCCESS,36-45,18-25,Maharashtra,Axis,ICICI,Android,4G,0,2024,7,July,Q3,21-07-2024
581,18-08-2024 14:20,Bill Payment,Grocery,1287,SUCCESS,26-35,26-35,Maharashtra,SBI,SBI,Web,4G,0,2024,8,August,Q3,18-08-2024
582,25-10-2024 21:53,P2P,Shopping,869,SUCCESS,26-35,26-35,Uttar Pradesh,Axis,Kotak,iOS,5G,0,2024,10,October,Q4,25-10-2024
583,26-11-2024 21:06,P2M,Utilities,325,SUCCESS,18-25,36-45,West Bengal,Kotak,SBI,iOS,4G,0,2024,11,November,Q4,26-11-2024
584,02-11-2024 07:39,P2P,Fuel,653,SUCCESS,36-45,26-35,Delhi,ICICI,IndusInd,Web,5G,0,2024,11,November,Q4,02-11-2024
585,15-09-2024 08:12,P2M,Shopping,5196,SUCCESS,36-45,26-35,Maharashtra,PNB,SBI,iOS,WiFi,0,2024,9,September,Q3,15-09-2024
586,04-10-2024 19:37,P2P,Entertainment,766,SUCCESS,26-35,36-45,Andhra Pradesh,HDFC,Kotak,Android,4G,0,2024,10,October,Q4,04-10-2024
587,04-12-2024 17:24,Bill Payment,Grocery,1006,SUCCESS,18-25,18-25,West Bengal,SBI,HDFC,Android,4G,0,2024,12,December,Q4,04-12-2024
588,13-11-2024 19:13,P2P,Transport,126,FAILED,26-35,26-35,Rajasthan,HDFC,PNB,Android,5G,0,2024,11,November,Q4,13-11-2024
589,13-12-2024 17:38,P2P,Grocery,1944,SUCCESS,36-45,26-35,Gujarat,Axis,PNB,Android,5G,0,2024,12,December,Q4,13-12-2024
590,03-09-2024 14:50,P2M,Grocery,1623,SUCCESS,18-25,18-25,Gujarat,Yes Bank,Axis,Android,4G,0,2024,9,September,Q3,03-09-2024
591,20-05-2024 23:23,P2P,Food,113,SUCCESS,26-35,26-35,Delhi,IndusInd,ICICI,Android,4G,0,2024,5,May,Q2,20-05-2024
592,04-07-2024 12:45,P2M,Grocery,914,SUCCESS,36-45,36-45,Rajasthan,PNB,Kotak,Android,5G,0,2024,7,July,Q3,04-07-2024
593,27-08-2024 12:30,P2M,Utilities,629,SUCCESS,18-25,18-25,Tamil Nadu,IndusInd,HDFC,Android,4G,0,2024,8,August,Q3,27-08-2024
594,13-03-2024 12:57,P2P,Other,646,SUCCESS,46-55,18-25,Delhi,ICICI,SBI,iOS,5G,0,2024,3,March,Q1,13-03-2024
595,27-01-2024 16:26,P2P,Shopping,679,SUCCESS,26-35,36-45,Gujarat,Kotak,ICICI,iOS,4G,0,2024,1,January,Q1,27-01-2024
596,03-11-2024 18:06,P2P,Food,460,SUCCESS,26-35,36-45,Maharashtra,Axis,ICICI,Android,3G,0,2024,11,November,Q4,03-11-2024
597,12-01-2024 21:52,P2P,Utilities,2673,SUCCESS,26-35,36-45,Maharashtra,HDFC,Axis,Android,4G,0,2024,1,January,Q1,12-01-2024
598,22-11-2024 11:55,P2P,Grocery,389,SUCCESS,36-45,18-25,Gujarat,ICICI,HDFC,Android,3G,0,2024,11,November,Q4,22-11-2024
599,25-10-2024 04:31,P2P,Grocery,654,SUCCESS,18-25,26-35,Maharashtra,Yes Bank,IndusInd,Android,4G,0,2024,10,October,Q4,25-10-2024
600,17-09-2024 17:18,P2P,Entertainment,448,SUCCESS,26-35,36-45,Tamil Nadu,HDFC,Kotak,iOS,5G,0,2024,9,September,Q3,17-09-2024
601,27-02-2024 16:08,P2M,Other,510,SUCCESS,36-45,56+,Maharashtra,Axis,HDFC,iOS,WiFi,0,2024,2,February,Q1,27-02-2024
602,07-11-2024 20:10,P2M,Grocery,303,SUCCESS,18-25,18-25,Telangana,Kotak,SBI,Android,4G,0,2024,11,November,Q4,07-11-2024
603,26-03-2024 22:24,P2P,Grocery,1406,SUCCESS,36-45,26-35,Karnataka,PNB,Kotak,Android,4G,0,2024,3,March,Q1,26-03-2024
604,17-10-2024 19:17,P2P,Healthcare,873,SUCCESS,26-35,26-35,Gujarat,SBI,PNB,iOS,3G,0,2024,10,October,Q4,17-10-2024
605,20-03-2024 16:19,P2P,Entertainment,1094,SUCCESS,26-35,18-25,Karnataka,IndusInd,IndusInd,iOS,3G,0,2024,3,March,Q1,20-03-2024
606,11-06-2024 18:24,Bill Payment,Other,2596,SUCCESS,26-35,26-35,Tamil Nadu,HDFC,SBI,iOS,5G,0,2024,6,June,Q2,11-06-2024
607,26-06-2024 15:11,P2M,Grocery,661,SUCCESS,26-35,18-25,Gujarat,Axis,SBI,Android,4G,0,2024,6,June,Q2,26-06-2024
608,24-05-2024 16:20,P2M,Entertainment,671,SUCCESS,26-35,18-25,West Bengal,Axis,Kotak,Web,4G,0,2024,5,May,Q2,24-05-2024
609,15-05-2024 16:04,P2P,Food,107,SUCCESS,26-35,26-35,Gujarat,Axis,HDFC,Android,WiFi,0,2024,5,May,Q2,15-05-2024
610,29-03-2024 21:52,Bill Payment,Healthcare,1688,SUCCESS,56+,26-35,Karnataka,HDFC,SBI,Android,WiFi,0,2024,3,March,Q1,29-03-2024
611,06-09-2024 19:09,P2P,Entertainment,196,SUCCESS,46-55,26-35,Karnataka,IndusInd,IndusInd,Android,4G,0,2024,9,September,Q3,06-09-2024
612,11-10-2024 12:40,Bill Payment,Food,408,SUCCESS,36-45,18-25,Maharashtra,Axis,SBI,Android,4G,0,2024,10,October,Q4,11-10-2024
613,10-06-2024 13:59,P2M,Transport,401,SUCCESS,56+,26-35,Andhra Pradesh,IndusInd,ICICI,iOS,3G,0,2024,6,June,Q2,10-06-2024
614,16-10-2024 12:31,P2M,Grocery,208,SUCCESS,18-25,36-45,Uttar Pradesh,HDFC,SBI,iOS,WiFi,0,2024,10,October,Q4,16-10-2024
615,12-02-2024 18:46,P2P,Transport,1496,SUCCESS,18-25,26-35,Uttar Pradesh,ICICI,SBI,Android,4G,0,2024,2,February,Q1,12-02-2024
616,13-12-2024 16:21,Recharge,Shopping,331,SUCCESS,18-25,26-35,Tamil Nadu,SBI,Axis,iOS,4G,0,2024,12,December,Q4,13-12-2024
617,11-09-2024 09:02,P2P,Grocery,301,SUCCESS,26-35,26-35,Telangana,SBI,ICICI,Android,4G,0,2024,9,September,Q3,11-09-2024
618,04-09-2024 12:54,P2P,Food,70,SUCCESS,36-45,26-35,Maharashtra,HDFC,IndusInd,iOS,4G,0,2024,9,September,Q3,04-09-2024
619,11-03-2024 22:44,P2P,Other,581,SUCCESS,18-25,26-35,Telangana,ICICI,PNB,Android,4G,0,2024,3,March,Q1,11-03-2024
620,21-05-2024 23:50,P2P,Education,7282,SUCCESS,18-25,46-55,Uttar Pradesh,SBI,ICICI,Android,4G,0,2024,5,May,Q2,21-05-2024
621,21-11-2024 12:33,P2P,Grocery,1228,SUCCESS,18-25,46-55,Maharashtra,SBI,ICICI,Web,4G,0,2024,11,November,Q4,21-11-2024
622,05-10-2024 14:48,P2M,Grocery,948,SUCCESS,18-25,26-35,Tamil Nadu,Kotak,SBI,Android,WiFi,0,2024,10,October,Q4,05-10-2024
623,30-11-2024 12:36,P2P,Utilities,1097,SUCCESS,36-45,26-35,Uttar Pradesh,ICICI,SBI,Android,4G,0,2024,11,November,Q4,30-11-2024
624,23-05-2024 18:19,P2M,Transport,597,SUCCESS,26-35,46-55,Telangana,ICICI,Yes Bank,Android,4G,0,2024,5,May,Q2,23-05-2024
625,30-10-2024 15:42,P2M,Fuel,419,SUCCESS,18-25,46-55,Delhi,IndusInd,Kotak,iOS,4G,0,2024,10,October,Q4,30-10-2024
626,12-07-2024 17:20,P2P,Transport,151,SUCCESS,46-55,26-35,Uttar Pradesh,ICICI,IndusInd,Android,4G,0,2024,7,July,Q3,12-07-2024
627,27-01-2024 20:33,P2M,Food,327,SUCCESS,18-25,26-35,Tamil Nadu,ICICI,SBI,Android,WiFi,0,2024,1,January,Q1,27-01-2024
628,21-05-2024 10:17,P2M,Food,68,SUCCESS,26-35,26-35,Karnataka,Yes Bank,HDFC,Android,4G,0,2024,5,May,Q2,21-05-2024
629,04-06-2024 21:10,P2M,Utilities,5176,SUCCESS,36-45,18-25,Gujarat,Kotak,PNB,Android,4G,0,2024,6,June,Q2,04-06-2024
630,02-08-2024 18:24,P2M,Fuel,1172,SUCCESS,56+,56+,Telangana,Axis,Yes Bank,Android,4G,0,2024,8,August,Q3,02-08-2024
631,25-03-2024 19:45,P2P,Shopping,244,SUCCESS,46-55,18-25,Rajasthan,IndusInd,PNB,Android,3G,0,2024,3,March,Q1,25-03-2024
632,28-06-2024 05:25,P2M,Entertainment,215,SUCCESS,36-45,46-55,West Bengal,SBI,HDFC,Android,4G,0,2024,6,June,Q2,28-06-2024
633,20-10-2024 13:13,Bill Payment,Fuel,349,SUCCESS,18-25,36-45,Gujarat,IndusInd,IndusInd,Android,5G,0,2024,10,October,Q4,20-10-2024
634,08-02-2024 18:15,P2P,Grocery,197,FAILED,18-25,36-45,Karnataka,IndusInd,SBI,Android,WiFi,0,2024,2,February,Q1,08-02-2024
635,27-10-2024 05:55,P2M,Food,1107,SUCCESS,26-35,18-25,Gujarat,Axis,IndusInd,Android,4G,0,2024,10,October,Q4,27-10-2024
636,09-06-2024 09:30,P2P,Food,135,SUCCESS,18-25,36-45,Gujarat,SBI,SBI,Android,WiFi,0,2024,6,June,Q2,09-06-2024
637,28-07-2024 13:10,Bill Payment,Utilities,2362,SUCCESS,26-35,26-35,Tamil Nadu,ICICI,Kotak,Android,4G,0,2024,7,July,Q3,28-07-2024
638,27-05-2024 00:11,P2P,Shopping,422,SUCCESS,18-25,26-35,Maharashtra,IndusInd,Kotak,Android,4G,0,2024,5,May,Q2,27-05-2024
639,26-11-2024 11:56,P2P,Grocery,3084,SUCCESS,26-35,18-25,Telangana,Yes Bank,SBI,Web,4G,0,2024,11,November,Q4,26-11-2024
640,24-07-2024 10:13,P2P,Entertainment,1001,SUCCESS,18-25,56+,Uttar Pradesh,ICICI,SBI,Android,4G,0,2024,7,July,Q3,24-07-2024
641,06-08-2024 20:01,P2P,Transport,98,SUCCESS,26-35,18-25,Andhra Pradesh,ICICI,ICICI,Android,4G,0,2024,8,August,Q3,06-08-2024
642,15-04-2024 18:03,Bill Payment,Education,14968,SUCCESS,26-35,36-45,Maharashtra,Kotak,SBI,Web,3G,0,2024,4,April,Q2,15-04-2024
643,30-10-2024 18:25,P2P,Food,135,SUCCESS,26-35,26-35,Andhra Pradesh,SBI,SBI,Web,5G,0,2024,10,October,Q4,30-10-2024
644,28-12-2024 20:30,P2M,Transport,287,SUCCESS,46-55,26-35,Andhra Pradesh,SBI,SBI,Android,3G,0,2024,12,December,Q4,28-12-2024
645,11-04-2024 17:42,P2M,Fuel,607,SUCCESS,18-25,18-25,Rajasthan,HDFC,SBI,Android,3G,0,2024,4,April,Q2,11-04-2024
646,20-03-2024 14:33,P2P,Grocery,892,SUCCESS,36-45,36-45,Tamil Nadu,HDFC,SBI,iOS,4G,0,2024,3,March,Q1,20-03-2024
647,28-07-2024 20:32,P2P,Grocery,304,SUCCESS,56+,26-35,Delhi,PNB,ICICI,Android,3G,0,2024,7,July,Q3,28-07-2024
648,09-06-2024 16:54,P2P,Grocery,584,SUCCESS,18-25,36-45,Telangana,SBI,Axis,Android,4G,0,2024,6,June,Q2,09-06-2024
649,23-08-2024 22:30,P2M,Transport,635,SUCCESS,18-25,26-35,Telangana,ICICI,Yes Bank,Android,5G,0,2024,8,August,Q3,23-08-2024
650,20-11-2024 16:25,P2P,Education,2093,SUCCESS,18-25,26-35,Delhi,SBI,Axis,Web,4G,0,2024,11,November,Q4,20-11-2024
651,25-11-2024 21:16,P2P,Shopping,181,SUCCESS,18-25,26-35,West Bengal,HDFC,HDFC,iOS,4G,0,2024,11,November,Q4,25-11-2024
652,25-06-2024 20:46,P2P,Shopping,758,SUCCESS,26-35,18-25,West Bengal,SBI,SBI,Web,5G,0,2024,6,June,Q2,25-06-2024
653,22-09-2024 09:50,P2M,Food,452,SUCCESS,18-25,26-35,Delhi,IndusInd,SBI,Android,WiFi,0,2024,9,September,Q3,22-09-2024
654,05-05-2024 16:59,P2P,Fuel,454,SUCCESS,18-25,18-25,Delhi,HDFC,IndusInd,Android,3G,0,2024,5,May,Q2,05-05-2024
655,24-08-2024 10:07,Recharge,Grocery,191,SUCCESS,36-45,46-55,Tamil Nadu,HDFC,PNB,Android,5G,0,2024,8,August,Q3,24-08-2024
656,16-12-2024 13:17,P2P,Healthcare,545,SUCCESS,46-55,46-55,Telangana,SBI,HDFC,Android,5G,0,2024,12,December,Q4,16-12-2024
657,29-07-2024 19:50,P2M,Grocery,2036,SUCCESS,26-35,26-35,Rajasthan,Axis,SBI,Android,4G,0,2024,7,July,Q3,29-07-2024
658,12-10-2024 13:52,P2P,Food,471,SUCCESS,26-35,36-45,Delhi,ICICI,IndusInd,Android,4G,0,2024,10,October,Q4,12-10-2024
659,27-06-2024 05:42,P2M,Shopping,358,SUCCESS,18-25,26-35,Delhi,ICICI,Kotak,Web,4G,0,2024,6,June,Q2,27-06-2024
660,12-07-2024 16:58,P2P,Education,1222,FAILED,46-55,36-45,Uttar Pradesh,IndusInd,PNB,Android,5G,0,2024,7,July,Q3,12-07-2024
661,13-06-2024 11:05,P2M,Transport,105,SUCCESS,26-35,36-45,Karnataka,Axis,SBI,Android,4G,0,2024,6,June,Q2,13-06-2024
662,15-01-2024 15:04,P2M,Food,166,SUCCESS,26-35,26-35,Delhi,IndusInd,Axis,Android,4G,0,2024,1,January,Q1,15-01-2024
663,11-02-2024 17:41,P2P,Shopping,1536,SUCCESS,26-35,56+,Delhi,IndusInd,SBI,Android,4G,0,2024,2,February,Q1,11-02-2024
664,05-10-2024 19:30,P2M,Education,20396,SUCCESS,26-35,46-55,Andhra Pradesh,SBI,Kotak,iOS,4G,0,2024,10,October,Q4,05-10-2024
665,04-10-2024 21:17,P2P,Other,165,FAILED,36-45,36-45,Telangana,Yes Bank,HDFC,Android,4G,0,2024,10,October,Q4,04-10-2024
666,03-09-2024 21:59,P2M,Education,7115,FAILED,36-45,26-35,West Bengal,HDFC,IndusInd,Android,WiFi,0,2024,9,September,Q3,03-09-2024
667,16-03-2024 21:22,P2M,Shopping,792,SUCCESS,18-25,26-35,Karnataka,SBI,Yes Bank,Web,4G,0,2024,3,March,Q1,16-03-2024
668,02-08-2024 18:22,P2P,Grocery,1568,SUCCESS,56+,26-35,Tamil Nadu,ICICI,SBI,Android,4G,0,2024,8,August,Q3,02-08-2024
669,29-08-2024 23:01,Bill Payment,Healthcare,477,SUCCESS,26-35,46-55,Andhra Pradesh,SBI,IndusInd,Android,5G,0,2024,8,August,Q3,29-08-2024
670,27-08-2024 20:25,P2P,Other,261,SUCCESS,18-25,36-45,Maharashtra,Axis,HDFC,Android,WiFi,0,2024,8,August,Q3,27-08-2024
671,08-08-2024 17:00,Bill Payment,Shopping,791,SUCCESS,26-35,26-35,Andhra Pradesh,HDFC,SBI,Android,4G,0,2024,8,August,Q3,08-08-2024
672,08-01-2024 19:32,P2M,Food,74,SUCCESS,26-35,18-25,West Bengal,HDFC,ICICI,Android,4G,0,2024,1,January,Q1,08-01-2024
673,07-10-2024 21:11,P2P,Grocery,1023,SUCCESS,26-35,46-55,Gujarat,ICICI,Axis,Android,4G,0,2024,10,October,Q4,07-10-2024
674,16-12-2024 21:26,P2M,Grocery,588,SUCCESS,18-25,26-35,Rajasthan,PNB,PNB,Android,4G,0,2024,12,December,Q4,16-12-2024
675,22-11-2024 11:31,P2M,Utilities,3195,SUCCESS,18-25,26-35,West Bengal,ICICI,Axis,Android,WiFi,0,2024,11,November,Q4,22-11-2024
676,06-01-2024 14:24,Recharge,Entertainment,436,SUCCESS,36-45,46-55,Karnataka,ICICI,Axis,Android,4G,0,2024,1,January,Q1,06-01-2024
677,05-06-2024 14:35,P2P,Other,497,SUCCESS,46-55,46-55,Karnataka,IndusInd,Axis,iOS,4G,0,2024,6,June,Q2,05-06-2024
678,09-03-2024 08:40,P2P,Other,416,FAILED,36-45,18-25,Rajasthan,HDFC,Axis,Android,WiFi,0,2024,3,March,Q1,09-03-2024
679,31-08-2024 08:01,Bill Payment,Shopping,432,SUCCESS,18-25,18-25,Delhi,PNB,Yes Bank,Android,5G,0,2024,8,August,Q3,31-08-2024
680,01-09-2024 15:07,Bill Payment,Fuel,557,SUCCESS,36-45,46-55,Gujarat,SBI,Yes Bank,iOS,4G,0,2024,9,September,Q3,01-09-2024
681,08-04-2024 16:58,P2M,Fuel,824,SUCCESS,26-35,26-35,Andhra Pradesh,Yes Bank,SBI,Android,4G,0,2024,4,April,Q2,08-04-2024
682,14-05-2024 17:31,P2M,Food,1347,SUCCESS,26-35,26-35,Maharashtra,Kotak,SBI,Android,3G,0,2024,5,May,Q2,14-05-2024
683,17-08-2024 17:52,P2M,Utilities,1423,SUCCESS,56+,18-25,Uttar Pradesh,HDFC,SBI,Android,3G,0,2024,8,August,Q3,17-08-2024
684,11-11-2024 20:35,P2M,Shopping,3969,FAILED,46-55,56+,Karnataka,SBI,SBI,iOS,5G,0,2024,11,November,Q4,11-11-2024
685,09-01-2024 10:41,P2P,Other,598,SUCCESS,26-35,36-45,Tamil Nadu,IndusInd,SBI,Android,4G,0,2024,1,January,Q1,09-01-2024
686,20-01-2024 21:38,P2M,Entertainment,237,SUCCESS,46-55,18-25,Karnataka,PNB,SBI,iOS,4G,0,2024,1,January,Q1,20-01-2024
687,11-11-2024 06:54,P2M,Shopping,1880,SUCCESS,36-45,36-45,Karnataka,IndusInd,SBI,Android,4G,0,2024,11,November,Q4,11-11-2024
688,08-04-2024 20:23,P2M,Fuel,516,SUCCESS,26-35,36-45,Gujarat,HDFC,SBI,Android,WiFi,0,2024,4,April,Q2,08-04-2024
689,25-10-2024 23:37,P2P,Food,164,SUCCESS,18-25,46-55,Telangana,PNB,Yes Bank,Android,4G,0,2024,10,October,Q4,25-10-2024
690,04-02-2024 18:09,P2M,Grocery,3200,SUCCESS,26-35,26-35,Maharashtra,SBI,Yes Bank,iOS,4G,0,2024,2,February,Q1,04-02-2024
691,27-06-2024 13:51,P2P,Education,1719,SUCCESS,36-45,18-25,Telangana,HDFC,SBI,Android,WiFi,0,2024,6,June,Q2,27-06-2024
692,11-03-2024 20:04,P2M,Other,203,SUCCESS,26-35,18-25,Rajasthan,SBI,Kotak,Android,WiFi,0,2024,3,March,Q1,11-03-2024
693,09-06-2024 16:07,Bill Payment,Fuel,2126,SUCCESS,26-35,26-35,Maharashtra,Axis,Yes Bank,Android,5G,0,2024,6,June,Q2,09-06-2024
694,13-09-2024 16:41,P2P,Fuel,1437,SUCCESS,36-45,26-35,Gujarat,ICICI,ICICI,iOS,WiFi,0,2024,9,September,Q3,13-09-2024
695,18-01-2024 12:12,P2P,Utilities,2228,SUCCESS,36-45,18-25,Telangana,SBI,Axis,Android,4G,0,2024,1,January,Q1,18-01-2024
696,10-01-2024 01:41,P2P,Education,1312,FAILED,36-45,18-25,Telangana,SBI,HDFC,Android,4G,0,2024,1,January,Q1,10-01-2024
697,04-01-2024 05:05,P2P,Utilities,5764,SUCCESS,18-25,26-35,Tamil Nadu,SBI,IndusInd,Android,4G,0,2024,1,January,Q1,04-01-2024
698,19-11-2024 10:09,Bill Payment,Grocery,3765,SUCCESS,26-35,18-25,Uttar Pradesh,ICICI,HDFC,iOS,5G,0,2024,11,November,Q4,19-11-2024
699,08-08-2024 21:59,P2M,Utilities,3122,SUCCESS,36-45,18-25,Maharashtra,SBI,PNB,Android,5G,0,2024,8,August,Q3,08-08-2024
700,29-09-2024 21:11,P2P,Shopping,440,SUCCESS,36-45,36-45,Maharashtra,Yes Bank,IndusInd,iOS,4G,0,2024,9,September,Q3,29-09-2024
701,16-06-2024 23:19,P2P,Food,1070,SUCCESS,36-45,36-45,Telangana,IndusInd,IndusInd,Web,4G,0,2024,6,June,Q2,16-06-2024
702,28-06-2024 18:54,P2P,Healthcare,421,SUCCESS,18-25,26-35,Maharashtra,ICICI,IndusInd,Android,WiFi,0,2024,6,June,Q2,28-06-2024
703,18-04-2024 20:18,P2M,Grocery,2055,SUCCESS,26-35,36-45,West Bengal,PNB,ICICI,Android,5G,0,2024,4,April,Q2,18-04-2024
704,23-07-2024 18:27,P2P,Shopping,4081,SUCCESS,18-25,56+,Telangana,SBI,HDFC,iOS,4G,0,2024,7,July,Q3,23-07-2024
705,18-03-2024 15:52,P2M,Food,1659,SUCCESS,26-35,36-45,Maharashtra,SBI,Yes Bank,Android,4G,0,2024,3,March,Q1,18-03-2024
706,01-05-2024 18:23,P2P,Grocery,314,SUCCESS,46-55,26-35,Tamil Nadu,SBI,Kotak,Android,4G,0,2024,5,May,Q2,01-05-2024
707,29-04-2024 19:48,Bill Payment,Fuel,2962,SUCCESS,18-25,26-35,Karnataka,SBI,Yes Bank,Android,4G,0,2024,4,April,Q2,29-04-2024
708,25-12-2024 16:42,P2P,Grocery,197,SUCCESS,18-25,46-55,Maharashtra,ICICI,IndusInd,iOS,4G,0,2024,12,December,Q4,25-12-2024
709,11-04-2024 10:16,P2P,Transport,105,SUCCESS,36-45,26-35,Andhra Pradesh,Axis,PNB,Android,4G,0,2024,4,April,Q2,11-04-2024
710,27-02-2024 17:09,P2M,Food,103,SUCCESS,18-25,36-45,Uttar Pradesh,Yes Bank,Axis,Android,WiFi,0,2024,2,February,Q1,27-02-2024
711,02-05-2024 22:55,P2P,Other,324,SUCCESS,18-25,18-25,West Bengal,IndusInd,Axis,iOS,4G,0,2024,5,May,Q2,02-05-2024
712,07-06-2024 13:19,P2M,Transport,131,SUCCESS,26-35,36-45,Gujarat,Axis,SBI,Android,5G,0,2024,6,June,Q2,07-06-2024
713,05-03-2024 22:55,P2P,Utilities,3092,SUCCESS,26-35,18-25,Andhra Pradesh,Axis,ICICI,Android,4G,0,2024,3,March,Q1,05-03-2024
714,08-07-2024 21:30,P2M,Transport,40,SUCCESS,36-45,36-45,Maharashtra,SBI,HDFC,Web,4G,0,2024,7,July,Q3,08-07-2024
715,01-09-2024 23:57,Bill Payment,Entertainment,258,SUCCESS,46-55,26-35,Telangana,Axis,SBI,Android,5G,0,2024,9,September,Q3,01-09-2024
716,22-04-2024 11:33,P2P,Shopping,6048,SUCCESS,18-25,18-25,Tamil Nadu,HDFC,ICICI,Android,4G,0,2024,4,April,Q2,22-04-2024
717,07-04-2024 19:57,P2M,Transport,563,SUCCESS,26-35,46-55,Telangana,HDFC,SBI,Android,4G,0,2024,4,April,Q2,07-04-2024
718,19-03-2024 16:20,P2M,Grocery,1835,SUCCESS,18-25,26-35,Tamil Nadu,ICICI,SBI,Android,5G,0,2024,3,March,Q1,19-03-2024
719,30-09-2024 23:00,P2M,Transport,85,SUCCESS,56+,18-25,Maharashtra,Kotak,Axis,iOS,4G,0,2024,9,September,Q3,30-09-2024
720,25-04-2024 19:50,P2P,Grocery,883,SUCCESS,26-35,26-35,Delhi,SBI,Yes Bank,Android,5G,0,2024,4,April,Q2,25-04-2024
721,12-07-2024 12:10,P2P,Entertainment,899,SUCCESS,18-25,18-25,Uttar Pradesh,HDFC,Yes Bank,Android,4G,0,2024,7,July,Q3,12-07-2024
722,12-05-2024 23:48,Bill Payment,Education,573,SUCCESS,26-35,36-45,Karnataka,Yes Bank,HDFC,Android,5G,0,2024,5,May,Q2,12-05-2024
723,14-03-2024 19:56,P2M,Fuel,324,SUCCESS,26-35,36-45,Karnataka,SBI,Axis,Android,WiFi,0,2024,3,March,Q1,14-03-2024
724,19-12-2024 05:54,P2M,Grocery,96,SUCCESS,26-35,36-45,Maharashtra,PNB,Yes Bank,Android,5G,0,2024,12,December,Q4,19-12-2024
725,20-01-2024 21:05,P2M,Grocery,151,SUCCESS,56+,56+,Telangana,Yes Bank,PNB,Android,5G,0,2024,1,January,Q1,20-01-2024
726,27-12-2024 08:56,P2M,Utilities,266,SUCCESS,36-45,26-35,Maharashtra,IndusInd,Kotak,Android,4G,0,2024,12,December,Q4,27-12-2024
727,20-02-2024 19:50,Bill Payment,Shopping,188,SUCCESS,36-45,36-45,Uttar Pradesh,Yes Bank,SBI,Android,4G,0,2024,2,February,Q1,20-02-2024
728,26-11-2024 15:53,P2P,Utilities,1682,SUCCESS,26-35,26-35,Andhra Pradesh,PNB,Kotak,Android,4G,0,2024,11,November,Q4,26-11-2024
729,05-10-2024 10:30,P2M,Other,927,SUCCESS,46-55,56+,Telangana,SBI,Yes Bank,Android,5G,0,2024,10,October,Q4,05-10-2024
730,23-12-2024 10:33,Bill Payment,Fuel,318,SUCCESS,26-35,36-45,Uttar Pradesh,ICICI,HDFC,Android,5G,0,2024,12,December,Q4,23-12-2024
731,14-10-2024 18:41,P2M,Fuel,973,SUCCESS,36-45,18-25,Karnataka,HDFC,PNB,Android,WiFi,0,2024,10,October,Q4,14-10-2024
732,09-07-2024 14:46,P2P,Fuel,619,SUCCESS,26-35,26-35,Delhi,Kotak,SBI,Android,4G,0,2024,7,July,Q3,09-07-2024
733,14-02-2024 21:40,Bill Payment,Other,243,SUCCESS,36-45,26-35,Karnataka,Axis,SBI,Android,4G,0,2024,2,February,Q1,14-02-2024
734,16-04-2024 10:26,P2P,Utilities,4103,SUCCESS,26-35,36-45,Karnataka,Axis,ICICI,Web,4G,0,2024,4,April,Q2,16-04-2024
735,20-04-2024 09:39,P2M,Shopping,738,SUCCESS,26-35,56+,Uttar Pradesh,SBI,SBI,Android,3G,0,2024,4,April,Q2,20-04-2024
736,15-12-2024 20:09,P2M,Shopping,440,SUCCESS,46-55,26-35,Andhra Pradesh,SBI,PNB,Android,4G,0,2024,12,December,Q4,15-12-2024
737,26-08-2024 21:59,Bill Payment,Grocery,2150,SUCCESS,26-35,18-25,Tamil Nadu,SBI,HDFC,Android,3G,0,2024,8,August,Q3,26-08-2024
738,31-05-2024 15:37,P2M,Other,412,SUCCESS,26-35,36-45,Maharashtra,HDFC,PNB,iOS,4G,0,2024,5,May,Q2,31-05-2024
739,26-07-2024 07:02,Bill Payment,Transport,69,FAILED,36-45,26-35,Andhra Pradesh,Yes Bank,IndusInd,iOS,4G,0,2024,7,July,Q3,26-07-2024
740,21-06-2024 18:51,P2P,Fuel,1742,SUCCESS,18-25,26-35,West Bengal,HDFC,SBI,Android,5G,0,2024,6,June,Q2,21-06-2024
741,30-10-2024 17:37,Recharge,Healthcare,361,SUCCESS,18-25,18-25,Karnataka,SBI,ICICI,Android,5G,1,2024,10,October,Q4,30-10-2024
742,07-10-2024 10:06,P2P,Entertainment,288,SUCCESS,56+,36-45,Uttar Pradesh,ICICI,ICICI,Android,4G,0,2024,10,October,Q4,07-10-2024
743,23-05-2024 21:56,P2P,Food,152,SUCCESS,18-25,26-35,West Bengal,Kotak,Axis,Android,4G,0,2024,5,May,Q2,23-05-2024
744,06-03-2024 23:50,Bill Payment,Food,282,SUCCESS,36-45,26-35,Gujarat,Kotak,IndusInd,Android,5G,0,2024,3,March,Q1,06-03-2024
745,15-08-2024 12:52,P2P,Transport,90,SUCCESS,18-25,36-45,Andhra Pradesh,PNB,SBI,Android,4G,0,2024,8,August,Q3,15-08-2024
746,04-12-2024 16:12,Bill Payment,Entertainment,104,SUCCESS,36-45,18-25,Tamil Nadu,SBI,HDFC,Web,5G,0,2024,12,December,Q4,04-12-2024
747,25-11-2024 15:53,Bill Payment,Entertainment,169,SUCCESS,26-35,46-55,Delhi,PNB,IndusInd,Android,4G,0,2024,11,November,Q4,25-11-2024
748,04-09-2024 14:26,P2P,Other,2333,SUCCESS,46-55,18-25,Tamil Nadu,PNB,SBI,Android,5G,0,2024,9,September,Q3,04-09-2024
749,19-05-2024 13:12,P2P,Healthcare,231,SUCCESS,18-25,36-45,Rajasthan,Kotak,SBI,Android,4G,0,2024,5,May,Q2,19-05-2024
750,09-05-2024 11:49,Bill Payment,Food,1257,SUCCESS,26-35,26-35,Karnataka,Yes Bank,SBI,Android,4G,0,2024,5,May,Q2,09-05-2024
751,22-05-2024 20:48,P2M,Other,2293,SUCCESS,36-45,26-35,Maharashtra,HDFC,IndusInd,iOS,4G,0,2024,5,May,Q2,22-05-2024
752,28-07-2024 11:25,P2P,Grocery,1771,SUCCESS,36-45,18-25,Telangana,SBI,PNB,iOS,5G,0,2024,7,July,Q3,28-07-2024
753,24-11-2024 13:20,Bill Payment,Other,1233,SUCCESS,36-45,56+,Maharashtra,PNB,SBI,Android,4G,0,2024,11,November,Q4,24-11-2024
754,07-01-2024 10:12,Bill Payment,Shopping,1232,SUCCESS,18-25,26-35,Maharashtra,HDFC,SBI,iOS,3G,0,2024,1,January,Q1,07-01-2024
755,28-08-2024 17:18,P2M,Food,155,SUCCESS,26-35,18-25,Telangana,HDFC,Yes Bank,Android,4G,0,2024,8,August,Q3,28-08-2024
756,24-08-2024 19:03,Bill Payment,Fuel,620,SUCCESS,26-35,36-45,Telangana,IndusInd,Axis,Android,5G,0,2024,8,August,Q3,24-08-2024
757,08-03-2024 07:56,P2P,Fuel,1424,SUCCESS,36-45,26-35,Delhi,PNB,Kotak,Android,WiFi,0,2024,3,March,Q1,08-03-2024
758,17-10-2024 13:25,P2M,Food,507,SUCCESS,46-55,18-25,Rajasthan,PNB,Kotak,Android,4G,0,2024,10,October,Q4,17-10-2024
759,05-01-2024 12:14,P2P,Food,627,SUCCESS,26-35,46-55,Maharashtra,SBI,Kotak,Android,5G,0,2024,1,January,Q1,05-01-2024
760,24-09-2024 11:41,P2M,Transport,811,SUCCESS,18-25,36-45,Delhi,PNB,SBI,Android,4G,0,2024,9,September,Q3,24-09-2024
761,14-07-2024 16:26,P2P,Entertainment,162,SUCCESS,36-45,18-25,Maharashtra,Axis,ICICI,iOS,5G,0,2024,7,July,Q3,14-07-2024
762,24-03-2024 11:46,Recharge,Transport,75,SUCCESS,36-45,26-35,Uttar Pradesh,Kotak,SBI,Android,WiFi,0,2024,3,March,Q1,24-03-2024
763,18-08-2024 21:28,P2P,Transport,458,SUCCESS,46-55,56+,Andhra Pradesh,SBI,PNB,Android,5G,0,2024,8,August,Q3,18-08-2024
764,10-07-2024 18:09,P2P,Food,348,SUCCESS,26-35,18-25,Delhi,IndusInd,IndusInd,Android,4G,0,2024,7,July,Q3,10-07-2024
765,01-09-2024 13:48,P2P,Education,1931,SUCCESS,36-45,36-45,Maharashtra,IndusInd,Axis,Android,4G,0,2024,9,September,Q3,01-09-2024
766,13-12-2024 12:07,P2P,Other,928,SUCCESS,26-35,26-35,Delhi,SBI,Axis,Android,4G,0,2024,12,December,Q4,13-12-2024
767,28-01-2024 17:14,P2M,Shopping,1440,SUCCESS,18-25,18-25,Maharashtra,SBI,SBI,Android,5G,0,2024,1,January,Q1,28-01-2024
768,21-09-2024 12:51,P2M,Other,757,SUCCESS,36-45,46-55,Gujarat,HDFC,Kotak,Android,5G,0,2024,9,September,Q3,21-09-2024
769,06-06-2024 19:12,P2M,Other,590,SUCCESS,26-35,26-35,Gujarat,HDFC,PNB,Android,5G,0,2024,6,June,Q2,06-06-2024
770,02-07-2024 10:38,P2M,Fuel,4229,SUCCESS,36-45,36-45,Karnataka,SBI,SBI,Android,5G,0,2024,7,July,Q3,02-07-2024
771,22-09-2024 10:27,P2M,Fuel,426,SUCCESS,46-55,56+,Tamil Nadu,Axis,Axis,Android,5G,0,2024,9,September,Q3,22-09-2024
772,27-11-2024 18:29,P2M,Grocery,469,SUCCESS,46-55,36-45,West Bengal,SBI,IndusInd,Android,WiFi,0,2024,11,November,Q4,27-11-2024
773,14-03-2024 21:37,P2M,Fuel,373,SUCCESS,18-25,56+,Uttar Pradesh,PNB,Yes Bank,Android,4G,0,2024,3,March,Q1,14-03-2024
774,23-07-2024 13:20,P2P,Fuel,2033,SUCCESS,46-55,46-55,Andhra Pradesh,SBI,PNB,Android,4G,0,2024,7,July,Q3,23-07-2024
775,25-09-2024 19:48,P2M,Utilities,3086,SUCCESS,46-55,26-35,Maharashtra,IndusInd,PNB,iOS,4G,0,2024,9,September,Q3,25-09-2024
776,07-02-2024 16:48,P2P,Grocery,2044,SUCCESS,18-25,36-45,Maharashtra,SBI,ICICI,Android,5G,0,2024,2,February,Q1,07-02-2024
777,01-08-2024 16:58,P2P,Utilities,259,FAILED,26-35,56+,Andhra Pradesh,Yes Bank,ICICI,Android,4G,0,2024,8,August,Q3,01-08-2024
778,29-12-2024 06:52,P2P,Entertainment,487,FAILED,26-35,18-25,Maharashtra,SBI,IndusInd,Android,3G,0,2024,12,December,Q4,29-12-2024
779,12-05-2024 17:20,P2P,Utilities,2587,SUCCESS,26-35,18-25,Rajasthan,SBI,SBI,iOS,4G,0,2024,5,May,Q2,12-05-2024
780,10-09-2024 16:07,P2P,Transport,107,SUCCESS,26-35,36-45,Karnataka,Kotak,SBI,Android,3G,0,2024,9,September,Q3,10-09-2024
781,30-03-2024 20:20,P2P,Fuel,403,SUCCESS,18-25,36-45,West Bengal,SBI,SBI,Android,4G,0,2024,3,March,Q1,30-03-2024
782,02-05-2024 13:43,Recharge,Entertainment,194,SUCCESS,26-35,56+,Maharashtra,PNB,Yes Bank,Android,4G,0,2024,5,May,Q2,02-05-2024
783,21-05-2024 06:32,P2P,Utilities,421,SUCCESS,36-45,46-55,West Bengal,Kotak,Yes Bank,Android,4G,0,2024,5,May,Q2,21-05-2024
784,23-03-2024 11:02,Recharge,Entertainment,187,SUCCESS,26-35,36-45,Delhi,SBI,Kotak,Android,5G,0,2024,3,March,Q1,23-03-2024
785,24-10-2024 09:48,P2M,Shopping,2109,SUCCESS,18-25,36-45,Tamil Nadu,ICICI,ICICI,Android,WiFi,0,2024,10,October,Q4,24-10-2024
786,14-12-2024 10:58,P2P,Transport,46,SUCCESS,26-35,36-45,Uttar Pradesh,PNB,Axis,iOS,WiFi,0,2024,12,December,Q4,14-12-2024
787,06-08-2024 10:13,Bill Payment,Utilities,8818,SUCCESS,46-55,36-45,Telangana,Yes Bank,SBI,Android,5G,0,2024,8,August,Q3,06-08-2024
788,30-01-2024 19:13,P2M,Shopping,223,SUCCESS,36-45,26-35,Rajasthan,PNB,HDFC,Android,4G,0,2024,1,January,Q1,30-01-2024
789,23-02-2024 20:30,P2P,Grocery,2769,SUCCESS,46-55,26-35,Uttar Pradesh,ICICI,Axis,iOS,4G,0,2024,2,February,Q1,23-02-2024
790,02-01-2024 21:28,P2M,Other,309,SUCCESS,26-35,26-35,West Bengal,Axis,ICICI,Android,3G,0,2024,1,January,Q1,02-01-2024
791,03-03-2024 11:30,P2P,Utilities,5529,SUCCESS,26-35,18-25,Uttar Pradesh,IndusInd,ICICI,Android,4G,0,2024,3,March,Q1,03-03-2024
792,07-01-2024 17:46,P2P,Shopping,314,SUCCESS,36-45,18-25,West Bengal,Yes Bank,IndusInd,iOS,5G,0,2024,1,January,Q1,07-01-2024
793,21-12-2024 18:10,P2P,Utilities,2543,SUCCESS,36-45,36-45,Tamil Nadu,HDFC,HDFC,Android,4G,0,2024,12,December,Q4,21-12-2024
794,04-06-2024 06:16,P2M,Utilities,2016,SUCCESS,18-25,26-35,Andhra Pradesh,ICICI,PNB,Android,4G,0,2024,6,June,Q2,04-06-2024
795,29-06-2024 16:48,P2P,Food,228,SUCCESS,26-35,26-35,Andhra Pradesh,ICICI,PNB,Android,4G,0,2024,6,June,Q2,29-06-2024
796,08-12-2024 08:08,Bill Payment,Transport,321,SUCCESS,36-45,18-25,Karnataka,HDFC,SBI,iOS,4G,0,2024,12,December,Q4,08-12-2024
797,12-06-2024 16:59,P2P,Food,124,SUCCESS,26-35,18-25,Karnataka,HDFC,ICICI,Android,5G,0,2024,6,June,Q2,12-06-2024
798,27-12-2024 20:27,P2M,Fuel,1069,SUCCESS,36-45,56+,Tamil Nadu,PNB,Kotak,Android,4G,0,2024,12,December,Q4,27-12-2024
799,22-04-2024 00:57,P2M,Grocery,2124,SUCCESS,18-25,18-25,Uttar Pradesh,Yes Bank,Yes Bank,Android,4G,0,2024,4,April,Q2,22-04-2024
800,10-01-2024 17:34,Bill Payment,Fuel,1357,SUCCESS,18-25,18-25,West Bengal,Axis,HDFC,Web,4G,0,2024,1,January,Q1,10-01-2024
801,27-04-2024 19:38,Bill Payment,Shopping,2536,SUCCESS,36-45,18-25,Karnataka,PNB,Axis,Android,5G,0,2024,4,April,Q2,27-04-2024
802,19-12-2024 21:26,P2P,Other,1446,SUCCESS,18-25,36-45,Telangana,Axis,SBI,Android,4G,0,2024,12,December,Q4,19-12-2024
803,06-09-2024 12:43,P2M,Shopping,7271,SUCCESS,26-35,36-45,Tamil Nadu,HDFC,ICICI,iOS,4G,0,2024,9,September,Q3,06-09-2024
804,13-06-2024 11:11,Bill Payment,Grocery,512,SUCCESS,18-25,36-45,Uttar Pradesh,Yes Bank,ICICI,iOS,4G,0,2024,6,June,Q2,13-06-2024
805,07-10-2024 21:51,P2P,Food,113,SUCCESS,18-25,26-35,Maharashtra,IndusInd,ICICI,Android,4G,0,2024,10,October,Q4,07-10-2024
806,11-08-2024 22:38,Bill Payment,Transport,78,SUCCESS,26-35,18-25,West Bengal,IndusInd,HDFC,Android,4G,0,2024,8,August,Q3,11-08-2024
807,21-06-2024 12:17,P2P,Other,375,SUCCESS,18-25,36-45,Telangana,Yes Bank,Kotak,Android,5G,0,2024,6,June,Q2,21-06-2024
808,13-09-2024 13:34,P2M,Fuel,776,SUCCESS,26-35,18-25,Maharashtra,SBI,SBI,Android,4G,0,2024,9,September,Q3,13-09-2024
809,15-08-2024 11:37,P2M,Grocery,1878,SUCCESS,56+,36-45,Maharashtra,Kotak,SBI,Android,5G,0,2024,8,August,Q3,15-08-2024
810,29-11-2024 17:49,P2P,Other,442,SUCCESS,26-35,26-35,Maharashtra,PNB,HDFC,Android,4G,0,2024,11,November,Q4,29-11-2024
811,21-09-2024 17:53,P2P,Healthcare,1048,SUCCESS,56+,36-45,Delhi,Kotak,ICICI,Android,5G,0,2024,9,September,Q3,21-09-2024
812,30-11-2024 16:06,P2P,Utilities,154,SUCCESS,26-35,26-35,West Bengal,SBI,Kotak,Android,4G,0,2024,11,November,Q4,30-11-2024
813,11-12-2024 14:54,Bill Payment,Food,1028,SUCCESS,36-45,26-35,Telangana,Axis,SBI,iOS,4G,0,2024,12,December,Q4,11-12-2024
814,15-06-2024 08:19,P2P,Transport,518,SUCCESS,26-35,36-45,West Bengal,Axis,Axis,Android,5G,0,2024,6,June,Q2,15-06-2024
815,10-02-2024 18:43,P2M,Grocery,342,SUCCESS,26-35,18-25,Uttar Pradesh,IndusInd,Axis,Android,4G,0,2024,2,February,Q1,10-02-2024
816,13-06-2024 11:18,P2P,Utilities,170,SUCCESS,18-25,26-35,Andhra Pradesh,Kotak,Kotak,Android,4G,0,2024,6,June,Q2,13-06-2024
817,09-03-2024 18:26,P2P,Grocery,3953,SUCCESS,36-45,26-35,Maharashtra,HDFC,Axis,Android,4G,0,2024,3,March,Q1,09-03-2024
818,08-06-2024 10:14,P2P,Shopping,746,SUCCESS,26-35,18-25,Andhra Pradesh,HDFC,SBI,Android,4G,0,2024,6,June,Q2,08-06-2024
819,06-10-2024 19:08,P2M,Transport,646,SUCCESS,18-25,36-45,Tamil Nadu,SBI,SBI,Android,5G,0,2024,10,October,Q4,06-10-2024
820,27-04-2024 22:35,P2M,Grocery,834,FAILED,26-35,36-45,Telangana,ICICI,HDFC,Android,4G,0,2024,4,April,Q2,27-04-2024
821,29-05-2024 17:47,P2M,Other,1020,SUCCESS,36-45,46-55,Maharashtra,IndusInd,PNB,Android,5G,0,2024,5,May,Q2,29-05-2024
822,05-06-2024 11:42,P2P,Other,498,SUCCESS,26-35,46-55,Tamil Nadu,Kotak,ICICI,Android,4G,0,2024,6,June,Q2,05-06-2024
823,21-07-2024 20:13,P2M,Food,1151,SUCCESS,18-25,36-45,Delhi,Kotak,IndusInd,iOS,4G,0,2024,7,July,Q3,21-07-2024
824,19-11-2024 04:00,P2P,Transport,690,SUCCESS,18-25,26-35,Uttar Pradesh,IndusInd,SBI,Android,4G,0,2024,11,November,Q4,19-11-2024
825,22-02-2024 18:29,P2P,Grocery,100,SUCCESS,56+,26-35,Maharashtra,Axis,ICICI,Android,WiFi,0,2024,2,February,Q1,22-02-2024
826,06-11-2024 11:55,P2P,Other,1490,SUCCESS,26-35,26-35,Tamil Nadu,Axis,SBI,Android,5G,0,2024,11,November,Q4,06-11-2024
827,10-03-2024 15:23,P2P,Utilities,2528,SUCCESS,36-45,18-25,Delhi,HDFC,PNB,Android,4G,0,2024,3,March,Q1,10-03-2024
828,18-04-2024 12:58,P2P,Shopping,5140,SUCCESS,36-45,26-35,Andhra Pradesh,Yes Bank,ICICI,Android,4G,0,2024,4,April,Q2,18-04-2024
829,17-03-2024 11:11,P2M,Shopping,536,SUCCESS,18-25,36-45,Gujarat,SBI,IndusInd,Android,3G,0,2024,3,March,Q1,17-03-2024
830,03-12-2024 19:13,P2M,Grocery,190,SUCCESS,18-25,18-25,Maharashtra,ICICI,Kotak,Android,WiFi,0,2024,12,December,Q4,03-12-2024
831,25-10-2024 11:10,P2M,Other,434,SUCCESS,18-25,18-25,Andhra Pradesh,Axis,HDFC,Android,5G,0,2024,10,October,Q4,25-10-2024
832,30-12-2024 10:49,P2M,Food,206,SUCCESS,26-35,26-35,Tamil Nadu,Kotak,Kotak,Android,4G,0,2024,12,December,Q4,30-12-2024
833,15-08-2024 18:15,P2P,Food,303,SUCCESS,36-45,18-25,Karnataka,SBI,HDFC,iOS,4G,0,2024,8,August,Q3,15-08-2024
834,10-05-2024 20:34,P2P,Shopping,2405,SUCCESS,18-25,26-35,Gujarat,Yes Bank,Axis,Android,4G,0,2024,5,May,Q2,10-05-2024
835,05-06-2024 12:41,P2M,Utilities,968,SUCCESS,36-45,26-35,Rajasthan,IndusInd,SBI,Android,3G,0,2024,6,June,Q2,05-06-2024
836,24-10-2024 08:03,Bill Payment,Shopping,811,SUCCESS,26-35,26-35,Karnataka,PNB,HDFC,iOS,4G,0,2024,10,October,Q4,24-10-2024
837,09-03-2024 20:46,P2P,Food,2322,SUCCESS,36-45,26-35,Uttar Pradesh,Yes Bank,IndusInd,Android,4G,0,2024,3,March,Q1,09-03-2024
838,17-12-2024 13:25,P2M,Food,204,SUCCESS,26-35,18-25,Delhi,PNB,Kotak,Android,5G,0,2024,12,December,Q4,17-12-2024
839,05-06-2024 11:22,P2P,Food,298,SUCCESS,26-35,36-45,Rajasthan,SBI,Axis,Android,4G,0,2024,6,June,Q2,05-06-2024
840,27-01-2024 19:26,P2M,Transport,135,SUCCESS,26-35,18-25,Uttar Pradesh,Kotak,PNB,Android,WiFi,0,2024,1,January,Q1,27-01-2024
841,26-02-2024 18:50,P2P,Shopping,129,SUCCESS,46-55,26-35,Rajasthan,IndusInd,PNB,Android,4G,0,2024,2,February,Q1,26-02-2024
842,03-01-2024 23:50,P2P,Shopping,539,SUCCESS,56+,18-25,Rajasthan,Kotak,Kotak,Android,3G,0,2024,1,January,Q1,03-01-2024
843,18-07-2024 20:29,P2P,Other,1017,SUCCESS,26-35,26-35,Uttar Pradesh,Yes Bank,Yes Bank,Android,5G,0,2024,7,July,Q3,18-07-2024
844,02-09-2024 11:24,Bill Payment,Entertainment,127,SUCCESS,26-35,56+,Tamil Nadu,SBI,Kotak,Android,3G,0,2024,9,September,Q3,02-09-2024
845,17-07-2024 10:03,Bill Payment,Other,778,SUCCESS,36-45,18-25,Gujarat,SBI,ICICI,Android,4G,0,2024,7,July,Q3,17-07-2024
846,23-02-2024 01:50,P2P,Transport,365,SUCCESS,36-45,36-45,Rajasthan,SBI,Kotak,Android,4G,0,2024,2,February,Q1,23-02-2024
847,28-06-2024 13:49,P2M,Grocery,845,SUCCESS,36-45,26-35,Karnataka,PNB,HDFC,Web,4G,0,2024,6,June,Q2,28-06-2024
848,26-03-2024 19:31,P2P,Entertainment,150,SUCCESS,46-55,26-35,Andhra Pradesh,Yes Bank,SBI,Android,5G,0,2024,3,March,Q1,26-03-2024
849,30-07-2024 16:51,P2M,Grocery,1946,FAILED,26-35,56+,Delhi,PNB,IndusInd,Android,5G,0,2024,7,July,Q3,30-07-2024
850,25-02-2024 18:55,P2P,Shopping,358,SUCCESS,46-55,36-45,Telangana,IndusInd,IndusInd,iOS,5G,0,2024,2,February,Q1,25-02-2024
851,28-09-2024 22:15,Bill Payment,Shopping,397,SUCCESS,36-45,26-35,Tamil Nadu,Axis,SBI,Android,4G,0,2024,9,September,Q3,28-09-2024
852,20-02-2024 16:37,P2M,Grocery,796,SUCCESS,46-55,26-35,Uttar Pradesh,SBI,IndusInd,Android,4G,0,2024,2,February,Q1,20-02-2024
853,26-05-2024 16:37,P2M,Other,190,SUCCESS,26-35,36-45,Maharashtra,HDFC,Kotak,Android,5G,0,2024,5,May,Q2,26-05-2024
854,03-04-2024 23:29,P2P,Grocery,163,SUCCESS,56+,46-55,Maharashtra,IndusInd,Yes Bank,Android,4G,0,2024,4,April,Q2,03-04-2024
855,29-06-2024 22:50,P2M,Other,671,SUCCESS,36-45,26-35,Andhra Pradesh,SBI,SBI,iOS,4G,0,2024,6,June,Q2,29-06-2024
856,01-01-2024 15:33,Recharge,Food,1185,SUCCESS,26-35,36-45,West Bengal,IndusInd,SBI,iOS,WiFi,0,2024,1,January,Q1,01-01-2024
857,28-01-2024 20:55,Bill Payment,Fuel,2376,FAILED,18-25,46-55,Andhra Pradesh,Kotak,SBI,Android,5G,0,2024,1,January,Q1,28-01-2024
858,15-07-2024 02:31,P2M,Utilities,6366,SUCCESS,36-45,46-55,Telangana,ICICI,SBI,Android,4G,0,2024,7,July,Q3,15-07-2024
859,24-02-2024 02:08,P2P,Entertainment,481,SUCCESS,36-45,46-55,Delhi,SBI,Kotak,Android,4G,0,2024,2,February,Q1,24-02-2024
860,25-11-2024 19:51,P2M,Transport,954,SUCCESS,18-25,36-45,Maharashtra,HDFC,Kotak,Android,4G,0,2024,11,November,Q4,25-11-2024
861,21-01-2024 04:34,P2M,Other,192,SUCCESS,18-25,26-35,West Bengal,Axis,Yes Bank,Android,4G,0,2024,1,January,Q1,21-01-2024
862,24-07-2024 14:55,P2M,Grocery,548,SUCCESS,26-35,18-25,Delhi,SBI,HDFC,Android,5G,0,2024,7,July,Q3,24-07-2024
863,02-09-2024 16:58,P2P,Other,446,SUCCESS,26-35,36-45,Andhra Pradesh,SBI,Yes Bank,Android,4G,0,2024,9,September,Q3,02-09-2024
864,17-02-2024 19:22,P2M,Fuel,2627,SUCCESS,18-25,26-35,West Bengal,Yes Bank,ICICI,Web,3G,0,2024,2,February,Q1,17-02-2024
865,01-04-2024 19:17,Bill Payment,Shopping,3760,SUCCESS,26-35,18-25,Maharashtra,SBI,Kotak,Android,3G,0,2024,4,April,Q2,01-04-2024
866,01-03-2024 21:20,P2M,Other,264,SUCCESS,26-35,26-35,Karnataka,SBI,SBI,Android,4G,0,2024,3,March,Q1,01-03-2024
867,16-11-2024 09:11,P2M,Food,123,SUCCESS,26-35,26-35,Gujarat,SBI,HDFC,Android,4G,0,2024,11,November,Q4,16-11-2024
868,12-06-2024 13:04,Bill Payment,Fuel,1137,SUCCESS,46-55,36-45,West Bengal,Yes Bank,HDFC,Android,5G,0,2024,6,June,Q2,12-06-2024
869,16-04-2024 20:42,P2P,Shopping,365,SUCCESS,18-25,18-25,Tamil Nadu,HDFC,IndusInd,Android,WiFi,0,2024,4,April,Q2,16-04-2024
870,14-08-2024 09:10,Recharge,Healthcare,875,SUCCESS,36-45,26-35,Andhra Pradesh,Kotak,IndusInd,Android,3G,0,2024,8,August,Q3,14-08-2024
871,27-02-2024 18:13,P2P,Grocery,1526,SUCCESS,18-25,26-35,West Bengal,ICICI,Yes Bank,iOS,4G,0,2024,2,February,Q1,27-02-2024
872,23-12-2024 10:54,P2P,Transport,143,SUCCESS,18-25,26-35,West Bengal,IndusInd,HDFC,Android,4G,0,2024,12,December,Q4,23-12-2024
873,20-01-2024 20:45,P2P,Entertainment,249,SUCCESS,36-45,36-45,Uttar Pradesh,SBI,IndusInd,iOS,5G,0,2024,1,January,Q1,20-01-2024
874,14-08-2024 09:57,P2P,Grocery,1081,SUCCESS,26-35,46-55,Tamil Nadu,PNB,SBI,Android,WiFi,0,2024,8,August,Q3,14-08-2024
875,08-05-2024 06:46,P2M,Healthcare,86,SUCCESS,18-25,26-35,Uttar Pradesh,ICICI,Yes Bank,Android,4G,0,2024,5,May,Q2,08-05-2024
876,15-05-2024 08:41,P2P,Shopping,1058,SUCCESS,26-35,36-45,Maharashtra,HDFC,Yes Bank,Android,4G,0,2024,5,May,Q2,15-05-2024
877,19-08-2024 17:41,P2P,Other,1360,SUCCESS,18-25,26-35,Delhi,SBI,Axis,iOS,4G,0,2024,8,August,Q3,19-08-2024
878,30-06-2024 12:03,P2P,Entertainment,1079,SUCCESS,36-45,36-45,Gujarat,HDFC,ICICI,Android,4G,0,2024,6,June,Q2,30-06-2024
879,06-02-2024 19:17,P2M,Entertainment,160,FAILED,36-45,36-45,Uttar Pradesh,PNB,IndusInd,Android,5G,0,2024,2,February,Q1,06-02-2024
880,04-01-2024 11:51,P2M,Entertainment,98,SUCCESS,56+,56+,Uttar Pradesh,ICICI,Axis,Android,4G,0,2024,1,January,Q1,04-01-2024
881,11-07-2024 07:02,P2P,Transport,671,SUCCESS,26-35,26-35,Rajasthan,HDFC,SBI,Android,4G,0,2024,7,July,Q3,11-07-2024
882,18-05-2024 20:16,P2P,Shopping,645,FAILED,18-25,36-45,Rajasthan,ICICI,HDFC,Android,5G,0,2024,5,May,Q2,18-05-2024
883,05-01-2024 20:28,P2M,Other,123,SUCCESS,26-35,36-45,Rajasthan,ICICI,IndusInd,Android,5G,0,2024,1,January,Q1,05-01-2024
884,19-02-2024 16:25,P2P,Healthcare,240,SUCCESS,26-35,26-35,Maharashtra,Yes Bank,Yes Bank,Android,4G,0,2024,2,February,Q1,19-02-2024
885,26-06-2024 16:19,P2M,Entertainment,479,SUCCESS,46-55,18-25,Uttar Pradesh,ICICI,SBI,iOS,4G,0,2024,6,June,Q2,26-06-2024
886,11-07-2024 02:11,P2M,Food,432,SUCCESS,56+,36-45,Delhi,ICICI,Axis,Android,4G,0,2024,7,July,Q3,11-07-2024
887,28-06-2024 15:25,P2M,Utilities,609,SUCCESS,46-55,36-45,Andhra Pradesh,Kotak,HDFC,iOS,3G,0,2024,6,June,Q2,28-06-2024
888,11-07-2024 15:43,P2P,Food,131,SUCCESS,26-35,26-35,Uttar Pradesh,Yes Bank,IndusInd,Android,4G,0,2024,7,July,Q3,11-07-2024
889,29-06-2024 14:12,P2M,Utilities,245,SUCCESS,26-35,26-35,Andhra Pradesh,ICICI,ICICI,Android,4G,0,2024,6,June,Q2,29-06-2024
890,19-01-2024 03:18,P2P,Transport,144,SUCCESS,26-35,36-45,Maharashtra,Yes Bank,IndusInd,Android,4G,0,2024,1,January,Q1,19-01-2024
891,12-03-2024 22:31,P2P,Grocery,913,SUCCESS,36-45,26-35,Telangana,SBI,SBI,Android,4G,0,2024,3,March,Q1,12-03-2024
892,14-03-2024 21:24,P2P,Transport,1270,SUCCESS,26-35,26-35,Maharashtra,HDFC,SBI,Android,4G,0,2024,3,March,Q1,14-03-2024
893,25-04-2024 17:26,P2P,Food,794,SUCCESS,18-25,18-25,Telangana,Kotak,HDFC,Android,5G,0,2024,4,April,Q2,25-04-2024
894,10-02-2024 20:21,P2M,Other,1520,SUCCESS,36-45,26-35,Tamil Nadu,SBI,IndusInd,Android,4G,0,2024,2,February,Q1,10-02-2024
895,14-09-2024 12:52,Recharge,Shopping,3010,SUCCESS,36-45,26-35,Delhi,SBI,Axis,Android,4G,0,2024,9,September,Q3,14-09-2024
896,25-11-2024 11:56,P2P,Entertainment,872,SUCCESS,26-35,18-25,Uttar Pradesh,Axis,SBI,Android,WiFi,0,2024,11,November,Q4,25-11-2024
897,18-04-2024 12:44,P2M,Food,270,SUCCESS,26-35,26-35,Tamil Nadu,SBI,SBI,Android,4G,0,2024,4,April,Q2,18-04-2024
898,29-12-2024 17:29,P2M,Shopping,418,SUCCESS,18-25,46-55,Delhi,Axis,SBI,Android,5G,0,2024,12,December,Q4,29-12-2024
899,30-10-2024 10:42,Bill Payment,Other,559,SUCCESS,18-25,36-45,Tamil Nadu,SBI,ICICI,iOS,4G,0,2024,10,October,Q4,30-10-2024
900,23-05-2024 05:35,P2P,Food,445,SUCCESS,18-25,46-55,Uttar Pradesh,HDFC,IndusInd,iOS,WiFi,0,2024,5,May,Q2,23-05-2024
901,29-01-2024 16:14,P2P,Shopping,1748,SUCCESS,26-35,18-25,Delhi,HDFC,ICICI,Android,4G,0,2024,1,January,Q1,29-01-2024
902,16-07-2024 20:33,Bill Payment,Shopping,7738,SUCCESS,18-25,26-35,Uttar Pradesh,HDFC,SBI,Android,4G,0,2024,7,July,Q3,16-07-2024
903,06-11-2024 10:26,P2P,Transport,49,SUCCESS,26-35,46-55,Andhra Pradesh,HDFC,PNB,iOS,4G,0,2024,11,November,Q4,06-11-2024
904,10-03-2024 19:29,Recharge,Transport,72,SUCCESS,26-35,26-35,Andhra Pradesh,HDFC,PNB,Android,4G,0,2024,3,March,Q1,10-03-2024
905,29-10-2024 16:08,P2M,Other,310,SUCCESS,26-35,18-25,Karnataka,HDFC,ICICI,Android,WiFi,0,2024,10,October,Q4,29-10-2024
906,02-11-2024 11:31,P2P,Food,103,SUCCESS,36-45,18-25,Rajasthan,SBI,IndusInd,Android,WiFi,0,2024,11,November,Q4,02-11-2024
907,07-07-2024 21:31,Recharge,Food,238,SUCCESS,18-25,36-45,Karnataka,HDFC,PNB,Android,5G,0,2024,7,July,Q3,07-07-2024
908,06-07-2024 09:10,P2P,Other,1225,SUCCESS,36-45,26-35,Karnataka,ICICI,Yes Bank,iOS,4G,0,2024,7,July,Q3,06-07-2024
909,08-01-2024 18:13,P2M,Grocery,480,SUCCESS,18-25,18-25,Tamil Nadu,PNB,IndusInd,Android,4G,0,2024,1,January,Q1,08-01-2024
910,22-09-2024 12:26,P2P,Utilities,160,SUCCESS,18-25,26-35,Gujarat,Axis,SBI,Android,4G,0,2024,9,September,Q3,22-09-2024
911,12-01-2024 18:48,P2M,Healthcare,640,SUCCESS,26-35,26-35,Karnataka,Kotak,Yes Bank,Android,WiFi,0,2024,1,January,Q1,12-01-2024
912,15-07-2024 06:25,P2P,Grocery,736,SUCCESS,36-45,18-25,Andhra Pradesh,ICICI,IndusInd,iOS,4G,0,2024,7,July,Q3,15-07-2024
913,01-05-2024 19:28,P2M,Fuel,3800,SUCCESS,36-45,26-35,Andhra Pradesh,Yes Bank,SBI,Android,WiFi,0,2024,5,May,Q2,01-05-2024
914,27-09-2024 08:46,Recharge,Grocery,396,SUCCESS,26-35,26-35,Uttar Pradesh,SBI,Axis,Android,4G,0,2024,9,September,Q3,27-09-2024
915,01-12-2024 18:01,Bill Payment,Other,1119,SUCCESS,26-35,36-45,Delhi,SBI,ICICI,Web,4G,0,2024,12,December,Q4,01-12-2024
916,27-03-2024 17:53,P2M,Grocery,345,FAILED,36-45,26-35,Uttar Pradesh,ICICI,Axis,Android,5G,0,2024,3,March,Q1,27-03-2024
917,29-10-2024 10:34,P2M,Healthcare,194,SUCCESS,18-25,18-25,Maharashtra,Axis,PNB,iOS,4G,0,2024,10,October,Q4,29-10-2024
918,07-09-2024 21:47,P2M,Transport,187,SUCCESS,18-25,18-25,Karnataka,SBI,SBI,iOS,5G,0,2024,9,September,Q3,07-09-2024
919,24-10-2024 07:32,P2M,Entertainment,363,SUCCESS,18-25,46-55,Gujarat,Axis,HDFC,Android,4G,0,2024,10,October,Q4,24-10-2024
920,15-02-2024 16:29,P2M,Fuel,628,SUCCESS,36-45,26-35,Delhi,HDFC,ICICI,Android,WiFi,0,2024,2,February,Q1,15-02-2024
921,29-03-2024 12:03,P2P,Utilities,125,SUCCESS,26-35,26-35,Andhra Pradesh,HDFC,PNB,iOS,4G,0,2024,3,March,Q1,29-03-2024
922,22-06-2024 13:40,P2P,Fuel,2202,SUCCESS,46-55,26-35,Maharashtra,SBI,Yes Bank,iOS,4G,0,2024,6,June,Q2,22-06-2024
923,28-01-2024 02:14,P2P,Other,589,SUCCESS,36-45,18-25,Tamil Nadu,SBI,HDFC,Android,5G,0,2024,1,January,Q1,28-01-2024
924,07-09-2024 10:45,P2M,Fuel,607,SUCCESS,36-45,56+,Delhi,HDFC,SBI,Android,5G,0,2024,9,September,Q3,07-09-2024
925,03-10-2024 18:02,P2M,Shopping,2158,SUCCESS,26-35,26-35,Rajasthan,PNB,ICICI,Android,4G,0,2024,10,October,Q4,03-10-2024
926,22-07-2024 16:51,P2P,Grocery,1128,FAILED,18-25,18-25,Karnataka,PNB,HDFC,Android,4G,0,2024,7,July,Q3,22-07-2024
927,17-01-2024 11:38,Bill Payment,Entertainment,250,SUCCESS,26-35,26-35,Gujarat,ICICI,PNB,Android,4G,0,2024,1,January,Q1,17-01-2024
928,15-04-2024 09:00,P2M,Utilities,4123,SUCCESS,36-45,18-25,Telangana,IndusInd,Yes Bank,Android,WiFi,0,2024,4,April,Q2,15-04-2024
929,15-01-2024 19:44,P2P,Grocery,2121,SUCCESS,36-45,26-35,Uttar Pradesh,Axis,ICICI,Android,4G,0,2024,1,January,Q1,15-01-2024
930,14-02-2024 22:37,P2P,Food,173,SUCCESS,36-45,18-25,Delhi,Kotak,ICICI,Android,WiFi,0,2024,2,February,Q1,14-02-2024
931,11-11-2024 19:00,P2P,Education,2223,SUCCESS,56+,46-55,Gujarat,HDFC,Kotak,iOS,4G,0,2024,11,November,Q4,11-11-2024
932,22-01-2024 11:10,P2P,Grocery,1354,SUCCESS,26-35,18-25,Uttar Pradesh,ICICI,SBI,Android,5G,0,2024,1,January,Q1,22-01-2024
933,10-07-2024 20:23,P2P,Food,766,SUCCESS,36-45,26-35,Rajasthan,ICICI,IndusInd,Android,5G,0,2024,7,July,Q3,10-07-2024
934,27-03-2024 11:08,P2P,Grocery,431,SUCCESS,18-25,36-45,Delhi,PNB,SBI,iOS,WiFi,0,2024,3,March,Q1,27-03-2024
935,10-07-2024 17:00,P2M,Grocery,1609,SUCCESS,18-25,46-55,Maharashtra,IndusInd,Axis,Android,5G,0,2024,7,July,Q3,10-07-2024
936,14-01-2024 08:54,Recharge,Utilities,735,SUCCESS,56+,36-45,Tamil Nadu,Yes Bank,SBI,Android,5G,0,2024,1,January,Q1,14-01-2024
937,27-02-2024 07:59,P2P,Grocery,2377,SUCCESS,56+,18-25,Tamil Nadu,SBI,SBI,Android,4G,0,2024,2,February,Q1,27-02-2024
938,21-12-2024 21:36,P2M,Fuel,2186,SUCCESS,46-55,18-25,Uttar Pradesh,IndusInd,IndusInd,Android,4G,0,2024,12,December,Q4,21-12-2024
939,10-11-2024 22:07,P2M,Utilities,3425,SUCCESS,36-45,36-45,Andhra Pradesh,Axis,SBI,iOS,5G,0,2024,11,November,Q4,10-11-2024
940,27-10-2024 11:48,P2M,Utilities,5257,SUCCESS,26-35,36-45,Delhi,Yes Bank,HDFC,iOS,5G,0,2024,10,October,Q4,27-10-2024
941,05-03-2024 11:56,P2P,Food,144,SUCCESS,18-25,26-35,Karnataka,Axis,SBI,Android,5G,0,2024,3,March,Q1,05-03-2024
942,05-03-2024 20:26,P2P,Education,4844,SUCCESS,18-25,36-45,Delhi,SBI,HDFC,Android,5G,0,2024,3,March,Q1,05-03-2024
943,21-12-2024 09:15,P2P,Utilities,2054,SUCCESS,26-35,36-45,Uttar Pradesh,SBI,HDFC,Android,4G,0,2024,12,December,Q4,21-12-2024
944,25-11-2024 07:04,P2M,Healthcare,685,SUCCESS,36-45,26-35,Uttar Pradesh,HDFC,IndusInd,iOS,4G,0,2024,11,November,Q4,25-11-2024
945,06-03-2024 12:54,P2P,Grocery,286,SUCCESS,26-35,46-55,Karnataka,HDFC,IndusInd,Android,WiFi,0,2024,3,March,Q1,06-03-2024
946,27-08-2024 20:43,P2M,Food,620,SUCCESS,26-35,46-55,Gujarat,SBI,Kotak,Android,3G,0,2024,8,August,Q3,27-08-2024
947,14-06-2024 20:32,P2P,Transport,183,SUCCESS,18-25,36-45,Tamil Nadu,IndusInd,ICICI,Android,4G,0,2024,6,June,Q2,14-06-2024
948,10-06-2024 12:20,P2P,Shopping,11038,SUCCESS,18-25,18-25,Tamil Nadu,Kotak,ICICI,iOS,4G,0,2024,6,June,Q2,10-06-2024
949,16-03-2024 18:34,P2P,Food,821,SUCCESS,18-25,36-45,Karnataka,HDFC,Kotak,Android,4G,0,2024,3,March,Q1,16-03-2024
950,17-08-2024 15:31,P2P,Utilities,987,SUCCESS,18-25,26-35,Uttar Pradesh,PNB,Yes Bank,iOS,4G,0,2024,8,August,Q3,17-08-2024
951,05-03-2024 12:23,P2P,Utilities,2289,SUCCESS,36-45,26-35,Karnataka,PNB,HDFC,Android,4G,0,2024,3,March,Q1,05-03-2024
952,17-04-2024 19:27,P2M,Shopping,355,SUCCESS,18-25,46-55,Delhi,ICICI,HDFC,Android,4G,0,2024,4,April,Q2,17-04-2024
953,11-07-2024 17:50,P2P,Other,344,SUCCESS,36-45,26-35,Gujarat,SBI,Yes Bank,Web,4G,0,2024,7,July,Q3,11-07-2024
954,21-09-2024 20:34,P2P,Utilities,3205,SUCCESS,36-45,18-25,Maharashtra,PNB,HDFC,iOS,4G,0,2024,9,September,Q3,21-09-2024
955,02-07-2024 10:39,P2P,Shopping,524,SUCCESS,36-45,18-25,West Bengal,Axis,SBI,Android,4G,0,2024,7,July,Q3,02-07-2024
956,06-03-2024 17:32,P2P,Food,488,SUCCESS,36-45,26-35,Tamil Nadu,PNB,PNB,Android,5G,0,2024,3,March,Q1,06-03-2024
957,02-04-2024 19:41,P2M,Grocery,511,SUCCESS,18-25,26-35,Uttar Pradesh,IndusInd,HDFC,Android,4G,0,2024,4,April,Q2,02-04-2024
958,21-10-2024 12:42,P2P,Transport,380,SUCCESS,36-45,18-25,Andhra Pradesh,Kotak,SBI,iOS,5G,0,2024,10,October,Q4,21-10-2024
959,04-01-2024 20:49,P2P,Healthcare,864,SUCCESS,36-45,36-45,West Bengal,HDFC,HDFC,Web,WiFi,0,2024,1,January,Q1,04-01-2024
960,26-11-2024 15:24,P2M,Entertainment,1253,SUCCESS,26-35,26-35,Gujarat,HDFC,HDFC,Android,4G,0,2024,11,November,Q4,26-11-2024
961,28-12-2024 13:26,Recharge,Shopping,518,SUCCESS,56+,26-35,Uttar Pradesh,IndusInd,Yes Bank,Android,5G,0,2024,12,December,Q4,28-12-2024
962,27-07-2024 14:16,Bill Payment,Grocery,486,SUCCESS,18-25,18-25,Uttar Pradesh,Yes Bank,PNB,Android,5G,0,2024,7,July,Q3,27-07-2024
963,20-05-2024 17:52,P2M,Transport,664,SUCCESS,18-25,56+,Uttar Pradesh,HDFC,HDFC,iOS,4G,0,2024,5,May,Q2,20-05-2024
964,13-01-2024 17:45,Bill Payment,Grocery,1006,SUCCESS,18-25,36-45,Tamil Nadu,HDFC,Yes Bank,Android,4G,0,2024,1,January,Q1,13-01-2024
965,28-01-2024 13:16,P2P,Transport,637,SUCCESS,18-25,18-25,Uttar Pradesh,HDFC,SBI,Android,5G,0,2024,1,January,Q1,28-01-2024
966,29-06-2024 16:06,P2P,Food,573,SUCCESS,18-25,26-35,Karnataka,SBI,PNB,Android,4G,0,2024,6,June,Q2,29-06-2024
967,17-12-2024 16:34,P2M,Shopping,5736,SUCCESS,18-25,26-35,Maharashtra,SBI,SBI,Android,4G,0,2024,12,December,Q4,17-12-2024
968,01-05-2024 17:04,P2P,Fuel,527,SUCCESS,26-35,36-45,Andhra Pradesh,SBI,SBI,iOS,WiFi,0,2024,5,May,Q2,01-05-2024
969,24-01-2024 17:05,Bill Payment,Other,375,SUCCESS,26-35,26-35,Maharashtra,Kotak,PNB,Android,4G,0,2024,1,January,Q1,24-01-2024
970,21-10-2024 20:33,P2M,Entertainment,312,SUCCESS,26-35,18-25,Uttar Pradesh,Yes Bank,Yes Bank,Android,4G,0,2024,10,October,Q4,21-10-2024
971,04-11-2024 18:53,P2M,Fuel,515,SUCCESS,26-35,36-45,Delhi,ICICI,Axis,Android,4G,0,2024,11,November,Q4,04-11-2024
972,28-12-2024 13:55,Bill Payment,Utilities,444,SUCCESS,46-55,26-35,West Bengal,SBI,PNB,iOS,4G,0,2024,12,December,Q4,28-12-2024
973,28-11-2024 12:21,P2P,Grocery,926,SUCCESS,46-55,18-25,Delhi,HDFC,Yes Bank,Android,4G,0,2024,11,November,Q4,28-11-2024
974,19-07-2024 19:53,Bill Payment,Fuel,1676,FAILED,26-35,26-35,Karnataka,HDFC,ICICI,Android,4G,0,2024,7,July,Q3,19-07-2024
975,29-10-2024 22:52,P2P,Utilities,316,SUCCESS,26-35,36-45,Andhra Pradesh,Kotak,Kotak,Android,4G,0,2024,10,October,Q4,29-10-2024
976,05-01-2024 18:41,P2P,Fuel,709,SUCCESS,26-35,18-25,West Bengal,SBI,IndusInd,Web,4G,0,2024,1,January,Q1,05-01-2024
977,24-02-2024 11:09,P2P,Shopping,7121,SUCCESS,18-25,36-45,Uttar Pradesh,HDFC,SBI,Android,4G,0,2024,2,February,Q1,24-02-2024
978,20-08-2024 19:08,P2M,Food,444,FAILED,36-45,36-45,Gujarat,SBI,SBI,iOS,WiFi,0,2024,8,August,Q3,20-08-2024
979,04-12-2024 21:03,P2P,Food,352,SUCCESS,36-45,36-45,Tamil Nadu,Yes Bank,SBI,Android,4G,0,2024,12,December,Q4,04-12-2024
980,03-11-2024 21:58,P2M,Transport,1533,SUCCESS,26-35,18-25,Telangana,Axis,PNB,Android,4G,0,2024,11,November,Q4,03-11-2024
981,28-03-2024 19:57,P2P,Healthcare,271,SUCCESS,26-35,46-55,Uttar Pradesh,SBI,SBI,Android,5G,0,2024,3,March,Q1,28-03-2024
982,24-08-2024 11:55,P2P,Education,4804,SUCCESS,26-35,36-45,Karnataka,Axis,Axis,iOS,5G,0,2024,8,August,Q3,24-08-2024
983,02-07-2024 07:05,Bill Payment,Grocery,1508,SUCCESS,46-55,26-35,Uttar Pradesh,HDFC,HDFC,Android,4G,0,2024,7,July,Q3,02-07-2024
984,08-06-2024 16:08,P2P,Grocery,384,SUCCESS,56+,26-35,Maharashtra,IndusInd,SBI,Android,5G,0,2024,6,June,Q2,08-06-2024
985,03-12-2024 11:08,P2P,Shopping,1879,SUCCESS,18-25,26-35,Karnataka,IndusInd,HDFC,Android,4G,0,2024,12,December,Q4,03-12-2024
986,23-09-2024 18:28,P2M,Fuel,1313,SUCCESS,36-45,18-25,Maharashtra,ICICI,SBI,iOS,5G,0,2024,9,September,Q3,23-09-2024
987,04-03-2024 16:30,P2M,Fuel,583,SUCCESS,26-35,36-45,West Bengal,PNB,Yes Bank,Android,WiFi,0,2024,3,March,Q1,04-03-2024
988,06-10-2024 02:31,P2P,Grocery,424,SUCCESS,18-25,46-55,Maharashtra,Axis,Axis,Android,4G,0,2024,10,October,Q4,06-10-2024
989,09-03-2024 02:48,Bill Payment,Entertainment,142,SUCCESS,18-25,26-35,Delhi,Yes Bank,Yes Bank,Android,4G,0,2024,3,March,Q1,09-03-2024
990,18-09-2024 16:34,Recharge,Fuel,1053,SUCCESS,18-25,26-35,Telangana,Kotak,Yes Bank,iOS,4G,0,2024,9,September,Q3,18-09-2024
991,17-07-2024 06:44,Bill Payment,Entertainment,479,SUCCESS,26-35,18-25,Delhi,SBI,Yes Bank,Android,4G,0,2024,7,July,Q3,17-07-2024
992,10-11-2024 00:07,P2P,Grocery,717,SUCCESS,18-25,26-35,Uttar Pradesh,ICICI,SBI,Android,5G,0,2024,11,November,Q4,10-11-2024
993,10-01-2024 18:24,P2M,Food,429,SUCCESS,36-45,36-45,Rajasthan,SBI,HDFC,Android,4G,0,2024,1,January,Q1,10-01-2024
994,13-09-2024 16:31,P2P,Grocery,1240,SUCCESS,36-45,36-45,Rajasthan,HDFC,Axis,Android,4G,0,2024,9,September,Q3,13-09-2024
995,12-08-2024 02:42,P2M,Shopping,3473,SUCCESS,36-45,18-25,Karnataka,SBI,SBI,iOS,4G,0,2024,8,August,Q3,12-08-2024
996,18-04-2024 21:01,Recharge,Entertainment,178,SUCCESS,18-25,18-25,Karnataka,Kotak,SBI,Android,4G,0,2024,4,April,Q2,18-04-2024
997,01-11-2024 12:05,P2P,Transport,423,SUCCESS,36-45,18-25,Uttar Pradesh,ICICI,IndusInd,iOS,5G,0,2024,11,November,Q4,01-11-2024
998,10-02-2024 11:31,P2M,Other,2251,SUCCESS,18-25,26-35,Delhi,HDFC,Kotak,iOS,4G,0,2024,2,February,Q1,10-02-2024
999,17-10-2024 17:18,P2P,Shopping,2594,SUCCESS,46-55,26-35,Telangana,IndusInd,SBI,iOS,4G,0,2024,10,October,Q4,17-10-2024
1000,01-07-2024 22:07,P2M,Transport,157,SUCCESS,26-35,26-35,Maharashtra,Axis,HDFC,Android,WiFi,0,2024,7,July,Q3,01-07-2024
1001,23-08-2024 17:10,P2P,Entertainment,165,SUCCESS,36-45,46-55,West Bengal,PNB,ICICI,Android,5G,0,2024,8,August,Q3,23-08-2024
1002,29-06-2024 18:05,Bill Payment,Grocery,638,SUCCESS,18-25,36-45,Uttar Pradesh,ICICI,PNB,Android,4G,0,2024,6,June,Q2,29-06-2024
1003,18-12-2024 08:43,P2M,Shopping,3052,SUCCESS,18-25,56+,Andhra Pradesh,Yes Bank,Kotak,iOS,4G,0,2024,12,December,Q4,18-12-2024
1004,31-08-2024 12:04,P2M,Utilities,1363,SUCCESS,26-35,18-25,Tamil Nadu,ICICI,SBI,Android,4G,0,2024,8,August,Q3,31-08-2024
1005,04-05-2024 12:23,P2M,Food,1953,SUCCESS,26-35,26-35,Uttar Pradesh,SBI,HDFC,Android,4G,0,2024,5,May,Q2,04-05-2024
1006,07-09-2024 10:25,P2P,Grocery,2222,FAILED,26-35,26-35,Maharashtra,IndusInd,SBI,Android,4G,0,2024,9,September,Q3,07-09-2024
1007,10-03-2024 18:53,P2P,Food,386,SUCCESS,36-45,18-25,Rajasthan,Yes Bank,Yes Bank,iOS,5G,0,2024,3,March,Q1,10-03-2024
1008,30-04-2024 17:40,P2P,Utilities,1682,SUCCESS,46-55,26-35,Andhra Pradesh,IndusInd,Kotak,Android,4G,0,2024,4,April,Q2,30-04-2024
1009,19-12-2024 09:11,P2P,Food,96,SUCCESS,36-45,18-25,Uttar Pradesh,SBI,Kotak,iOS,4G,0,2024,12,December,Q4,19-12-2024
1010,14-12-2024 18:30,P2M,Fuel,4164,SUCCESS,56+,18-25,West Bengal,HDFC,ICICI,Android,4G,0,2024,12,December,Q4,14-12-2024
1011,14-10-2024 09:54,P2M,Other,301,SUCCESS,26-35,26-35,Delhi,ICICI,HDFC,Android,4G,0,2024,10,October,Q4,14-10-2024
1012,16-10-2024 08:12,P2P,Transport,74,SUCCESS,56+,26-35,Telangana,ICICI,IndusInd,iOS,5G,0,2024,10,October,Q4,16-10-2024
1013,07-12-2024 10:45,P2M,Other,2230,SUCCESS,36-45,26-35,Maharashtra,Kotak,SBI,iOS,4G,0,2024,12,December,Q4,07-12-2024
1014,20-02-2024 19:47,P2M,Transport,57,SUCCESS,18-25,56+,Rajasthan,ICICI,PNB,Android,3G,0,2024,2,February,Q1,20-02-2024
1015,10-01-2024 22:47,P2P,Food,207,SUCCESS,36-45,18-25,Uttar Pradesh,SBI,Axis,Android,WiFi,0,2024,1,January,Q1,10-01-2024
1016,28-08-2024 15:10,P2P,Grocery,148,SUCCESS,36-45,36-45,Rajasthan,HDFC,Axis,iOS,5G,0,2024,8,August,Q3,28-08-2024
1017,18-06-2024 14:52,P2P,Food,171,SUCCESS,36-45,18-25,Telangana,IndusInd,ICICI,Android,WiFi,0,2024,6,June,Q2,18-06-2024
1018,17-12-2024 21:26,P2P,Food,275,SUCCESS,26-35,46-55,Tamil Nadu,ICICI,SBI,Android,4G,0,2024,12,December,Q4,17-12-2024
1019,30-10-2024 12:37,P2P,Grocery,1341,SUCCESS,18-25,26-35,Maharashtra,PNB,Yes Bank,Android,4G,0,2024,10,October,Q4,30-10-2024
1020,25-08-2024 15:21,P2M,Grocery,1795,SUCCESS,36-45,26-35,West Bengal,PNB,IndusInd,Android,5G,0,2024,8,August,Q3,25-08-2024
1021,18-12-2024 09:57,P2M,Shopping,446,SUCCESS,26-35,36-45,Uttar Pradesh,Axis,SBI,Android,4G,0,2024,12,December,Q4,18-12-2024
1022,02-01-2024 07:28,P2M,Utilities,1301,SUCCESS,36-45,26-35,Maharashtra,HDFC,Yes Bank,Web,WiFi,0,2024,1,January,Q1,02-01-2024
1023,04-03-2024 16:53,P2P,Grocery,1468,SUCCESS,18-25,26-35,Karnataka,Axis,ICICI,iOS,WiFi,0,2024,3,March,Q1,04-03-2024
1024,13-12-2024 16:59,Bill Payment,Transport,271,SUCCESS,46-55,36-45,Gujarat,ICICI,Axis,Android,4G,0,2024,12,December,Q4,13-12-2024
1025,28-02-2024 18:26,P2M,Fuel,931,SUCCESS,18-25,26-35,Gujarat,PNB,SBI,Android,4G,0,2024,2,February,Q1,28-02-2024
1026,15-07-2024 23:53,P2P,Grocery,1606,SUCCESS,26-35,26-35,Karnataka,ICICI,HDFC,Android,5G,0,2024,7,July,Q3,15-07-2024
1027,16-12-2024 23:15,Bill Payment,Other,587,SUCCESS,56+,36-45,Uttar Pradesh,ICICI,PNB,iOS,WiFi,0,2024,12,December,Q4,16-12-2024
1028,04-02-2024 22:15,P2M,Entertainment,790,SUCCESS,18-25,36-45,Maharashtra,SBI,PNB,iOS,4G,0,2024,2,February,Q1,04-02-2024
1029,03-06-2024 18:09,Bill Payment,Grocery,601,SUCCESS,46-55,18-25,Karnataka,PNB,HDFC,Android,3G,0,2024,6,June,Q2,03-06-2024
1030,10-03-2024 14:46,Recharge,Grocery,4161,SUCCESS,26-35,26-35,Rajasthan,PNB,ICICI,Android,4G,0,2024,3,March,Q1,10-03-2024
1031,26-10-2024 19:54,P2P,Fuel,949,SUCCESS,26-35,18-25,Maharashtra,SBI,SBI,Android,WiFi,0,2024,10,October,Q4,26-10-2024
1032,10-12-2024 12:44,P2P,Shopping,770,SUCCESS,46-55,26-35,Andhra Pradesh,Yes Bank,IndusInd,iOS,4G,0,2024,12,December,Q4,10-12-2024
1033,08-01-2024 07:28,P2P,Fuel,1210,SUCCESS,26-35,18-25,Rajasthan,SBI,Yes Bank,Android,3G,0,2024,1,January,Q1,08-01-2024
1034,25-08-2024 12:09,P2P,Grocery,500,SUCCESS,46-55,26-35,Uttar Pradesh,SBI,Axis,Android,4G,0,2024,8,August,Q3,25-08-2024
1035,10-04-2024 19:37,Bill Payment,Grocery,532,SUCCESS,26-35,26-35,Telangana,SBI,HDFC,Android,3G,0,2024,4,April,Q2,10-04-2024
1036,14-02-2024 18:35,P2P,Utilities,3393,SUCCESS,26-35,26-35,Uttar Pradesh,Kotak,SBI,Android,4G,0,2024,2,February,Q1,14-02-2024
1037,20-12-2024 18:27,P2M,Grocery,887,SUCCESS,26-35,26-35,Maharashtra,HDFC,HDFC,Android,4G,0,2024,12,December,Q4,20-12-2024
1038,07-08-2024 09:10,P2P,Shopping,1059,SUCCESS,18-25,18-25,Karnataka,IndusInd,Yes Bank,iOS,4G,0,2024,8,August,Q3,07-08-2024
1039,13-11-2024 17:56,P2M,Transport,24,SUCCESS,26-35,46-55,Delhi,IndusInd,Kotak,Android,5G,0,2024,11,November,Q4,13-11-2024
1040,09-04-2024 14:54,Bill Payment,Other,195,SUCCESS,36-45,26-35,Karnataka,SBI,Yes Bank,Android,5G,0,2024,4,April,Q2,09-04-2024
1041,16-03-2024 16:10,P2P,Fuel,2330,SUCCESS,26-35,46-55,Rajasthan,Kotak,PNB,Android,4G,0,2024,3,March,Q1,16-03-2024
1042,01-12-2024 21:01,P2M,Other,684,FAILED,18-25,18-25,Maharashtra,PNB,PNB,Android,3G,0,2024,12,December,Q4,01-12-2024
1043,14-01-2024 17:04,P2P,Utilities,4813,SUCCESS,26-35,46-55,Tamil Nadu,HDFC,ICICI,Android,4G,0,2024,1,January,Q1,14-01-2024
1044,24-08-2024 20:47,Recharge,Grocery,171,SUCCESS,36-45,46-55,Andhra Pradesh,ICICI,Yes Bank,iOS,WiFi,0,2024,8,August,Q3,24-08-2024
1045,04-05-2024 20:37,Bill Payment,Other,406,SUCCESS,26-35,36-45,Uttar Pradesh,Yes Bank,ICICI,Web,4G,0,2024,5,May,Q2,04-05-2024
1046,29-07-2024 22:28,P2M,Grocery,1779,SUCCESS,26-35,26-35,Rajasthan,PNB,IndusInd,Android,4G,0,2024,7,July,Q3,29-07-2024
1047,11-12-2024 21:33,Recharge,Grocery,438,SUCCESS,18-25,36-45,Tamil Nadu,HDFC,SBI,Android,4G,0,2024,12,December,Q4,11-12-2024
1048,24-12-2024 13:04,P2P,Utilities,2185,SUCCESS,46-55,18-25,Tamil Nadu,ICICI,IndusInd,Android,4G,0,2024,12,December,Q4,24-12-2024
1049,28-08-2024 14:13,Bill Payment,Healthcare,331,SUCCESS,36-45,56+,Tamil Nadu,Yes Bank,Kotak,Android,5G,0,2024,8,August,Q3,28-08-2024
1050,19-09-2024 18:03,P2P,Shopping,869,SUCCESS,46-55,36-45,Karnataka,ICICI,IndusInd,Android,WiFi,0,2024,9,September,Q3,19-09-2024
1051,25-11-2024 17:23,P2P,Education,2415,SUCCESS,18-25,46-55,Gujarat,HDFC,SBI,Android,4G,0,2024,11,November,Q4,25-11-2024
1052,14-06-2024 00:54,Bill Payment,Entertainment,163,SUCCESS,18-25,18-25,Rajasthan,SBI,HDFC,Android,5G,0,2024,6,June,Q2,14-06-2024
1053,31-03-2024 22:14,P2M,Utilities,350,SUCCESS,26-35,18-25,Maharashtra,HDFC,SBI,iOS,5G,0,2024,3,March,Q1,31-03-2024
1054,24-03-2024 20:55,P2P,Grocery,253,SUCCESS,56+,18-25,Delhi,ICICI,Yes Bank,Android,5G,0,2024,3,March,Q1,24-03-2024
1055,19-02-2024 17:37,Bill Payment,Grocery,249,SUCCESS,26-35,26-35,Maharashtra,SBI,PNB,Android,4G,0,2024,2,February,Q1,19-02-2024
1056,19-05-2024 00:51,P2M,Shopping,2581,SUCCESS,36-45,18-25,Tamil Nadu,SBI,SBI,iOS,WiFi,0,2024,5,May,Q2,19-05-2024
1057,25-05-2024 18:46,P2M,Transport,692,SUCCESS,18-25,26-35,Uttar Pradesh,HDFC,SBI,Android,4G,0,2024,5,May,Q2,25-05-2024
1058,29-08-2024 07:37,P2M,Utilities,2452,SUCCESS,18-25,56+,Tamil Nadu,SBI,SBI,Android,5G,0,2024,8,August,Q3,29-08-2024
1059,14-02-2024 13:39,P2P,Grocery,116,SUCCESS,18-25,18-25,Tamil Nadu,Yes Bank,ICICI,Android,4G,0,2024,2,February,Q1,14-02-2024
1060,01-08-2024 14:42,P2M,Grocery,182,SUCCESS,36-45,18-25,Telangana,Axis,ICICI,iOS,4G,0,2024,8,August,Q3,01-08-2024
1061,12-02-2024 06:31,Bill Payment,Food,544,SUCCESS,18-25,36-45,West Bengal,HDFC,Axis,Android,4G,0,2024,2,February,Q1,12-02-2024
1062,12-10-2024 10:55,P2P,Utilities,2411,SUCCESS,36-45,18-25,Uttar Pradesh,ICICI,Axis,Android,4G,0,2024,10,October,Q4,12-10-2024
1063,24-07-2024 13:24,P2P,Fuel,2300,SUCCESS,36-45,18-25,Telangana,HDFC,HDFC,Android,3G,0,2024,7,July,Q3,24-07-2024
1064,01-01-2024 09:39,Bill Payment,Food,89,SUCCESS,26-35,36-45,Tamil Nadu,Kotak,ICICI,Android,5G,0,2024,1,January,Q1,01-01-2024
1065,15-10-2024 19:06,P2M,Shopping,1960,SUCCESS,36-45,46-55,Delhi,HDFC,PNB,iOS,3G,0,2024,10,October,Q4,15-10-2024
1066,04-09-2024 07:54,P2M,Grocery,160,SUCCESS,46-55,18-25,Rajasthan,Yes Bank,SBI,Android,5G,0,2024,9,September,Q3,04-09-2024
1067,08-02-2024 14:59,P2P,Shopping,8149,FAILED,18-25,36-45,Delhi,SBI,Kotak,Android,4G,0,2024,2,February,Q1,08-02-2024
1068,22-06-2024 10:05,P2P,Entertainment,208,SUCCESS,18-25,26-35,Delhi,PNB,Kotak,Android,5G,0,2024,6,June,Q2,22-06-2024
1069,01-09-2024 21:08,Bill Payment,Utilities,5490,SUCCESS,26-35,36-45,Delhi,IndusInd,Axis,Android,5G,0,2024,9,September,Q3,01-09-2024
1070,17-01-2024 13:58,P2P,Transport,72,SUCCESS,26-35,36-45,Maharashtra,PNB,Axis,Android,4G,0,2024,1,January,Q1,17-01-2024
1071,03-10-2024 18:41,P2P,Food,264,SUCCESS,18-25,18-25,Telangana,ICICI,ICICI,Android,4G,0,2024,10,October,Q4,03-10-2024
1072,29-09-2024 07:21,Bill Payment,Transport,454,SUCCESS,26-35,18-25,Uttar Pradesh,HDFC,PNB,Web,WiFi,0,2024,9,September,Q3,29-09-2024
1073,29-01-2024 20:41,P2P,Healthcare,393,SUCCESS,46-55,36-45,Uttar Pradesh,Yes Bank,PNB,Android,5G,0,2024,1,January,Q1,29-01-2024
1074,06-05-2024 20:43,Bill Payment,Grocery,312,SUCCESS,46-55,46-55,Gujarat,IndusInd,SBI,Android,5G,0,2024,5,May,Q2,06-05-2024
1075,28-06-2024 17:51,Bill Payment,Food,159,SUCCESS,46-55,26-35,Karnataka,HDFC,Axis,Android,WiFi,0,2024,6,June,Q2,28-06-2024
1076,19-04-2024 16:12,P2M,Shopping,952,SUCCESS,46-55,36-45,Tamil Nadu,IndusInd,Kotak,Android,5G,0,2024,4,April,Q2,19-04-2024
1077,12-03-2024 14:04,P2M,Food,1319,SUCCESS,36-45,36-45,Tamil Nadu,PNB,PNB,iOS,4G,0,2024,3,March,Q1,12-03-2024
1078,29-07-2024 11:53,P2M,Grocery,842,SUCCESS,36-45,26-35,Telangana,IndusInd,HDFC,iOS,4G,0,2024,7,July,Q3,29-07-2024
1079,02-09-2024 18:42,P2M,Food,42,SUCCESS,36-45,26-35,Gujarat,Kotak,PNB,Android,4G,0,2024,9,September,Q3,02-09-2024
1080,02-10-2024 08:32,Bill Payment,Food,133,SUCCESS,26-35,26-35,Uttar Pradesh,ICICI,ICICI,Android,3G,0,2024,10,October,Q4,02-10-2024
1081,08-05-2024 19:46,P2P,Grocery,249,SUCCESS,46-55,18-25,Karnataka,IndusInd,SBI,Android,4G,0,2024,5,May,Q2,08-05-2024
1082,02-07-2024 22:07,Bill Payment,Shopping,369,SUCCESS,26-35,26-35,Tamil Nadu,HDFC,HDFC,iOS,WiFi,0,2024,7,July,Q3,02-07-2024
1083,25-01-2024 00:29,P2M,Transport,56,SUCCESS,18-25,36-45,Maharashtra,Kotak,SBI,Android,4G,0,2024,1,January,Q1,25-01-2024
1084,09-04-2024 20:19,P2P,Fuel,590,SUCCESS,26-35,36-45,Karnataka,SBI,SBI,iOS,4G,0,2024,4,April,Q2,09-04-2024
1085,01-03-2024 14:29,P2P,Education,4591,SUCCESS,26-35,18-25,Telangana,SBI,Kotak,Android,4G,0,2024,3,March,Q1,01-03-2024
1086,12-07-2024 19:16,P2M,Shopping,4246,SUCCESS,18-25,36-45,Delhi,IndusInd,SBI,Android,3G,0,2024,7,July,Q3,12-07-2024
1087,16-05-2024 22:07,P2P,Fuel,3616,SUCCESS,26-35,46-55,Maharashtra,Kotak,Kotak,Android,4G,0,2024,5,May,Q2,16-05-2024
1088,09-09-2024 18:12,P2P,Grocery,631,SUCCESS,46-55,56+,Telangana,Kotak,Yes Bank,iOS,3G,0,2024,9,September,Q3,09-09-2024
1089,13-10-2024 17:51,P2P,Grocery,654,SUCCESS,18-25,56+,Andhra Pradesh,ICICI,HDFC,iOS,4G,0,2024,10,October,Q4,13-10-2024
1090,16-12-2024 13:57,Bill Payment,Shopping,1271,SUCCESS,18-25,26-35,West Bengal,Kotak,PNB,Android,5G,0,2024,12,December,Q4,16-12-2024
1091,21-02-2024 19:32,P2M,Entertainment,134,SUCCESS,36-45,18-25,Tamil Nadu,HDFC,Kotak,Android,5G,0,2024,2,February,Q1,21-02-2024
1092,06-04-2024 00:59,Recharge,Education,1324,SUCCESS,26-35,46-55,Karnataka,HDFC,HDFC,iOS,4G,0,2024,4,April,Q2,06-04-2024
1093,24-06-2024 13:36,P2P,Food,26,SUCCESS,26-35,26-35,West Bengal,Kotak,Axis,Web,4G,0,2024,6,June,Q2,24-06-2024
1094,29-01-2024 18:05,P2M,Fuel,736,SUCCESS,26-35,46-55,Andhra Pradesh,PNB,ICICI,Android,3G,0,2024,1,January,Q1,29-01-2024
1095,28-06-2024 21:21,P2M,Transport,66,SUCCESS,56+,18-25,Rajasthan,PNB,SBI,Android,4G,0,2024,6,June,Q2,28-06-2024
1096,13-12-2024 10:44,P2M,Utilities,1871,SUCCESS,26-35,36-45,Karnataka,ICICI,IndusInd,Android,4G,0,2024,12,December,Q4,13-12-2024
1097,05-04-2024 20:55,P2P,Transport,751,FAILED,18-25,36-45,Uttar Pradesh,IndusInd,Yes Bank,Android,4G,0,2024,4,April,Q2,05-04-2024
1098,16-11-2024 21:03,P2M,Grocery,967,SUCCESS,36-45,26-35,Maharashtra,ICICI,HDFC,Android,5G,0,2024,11,November,Q4,16-11-2024
1099,10-10-2024 14:57,Bill Payment,Shopping,2573,SUCCESS,26-35,18-25,Maharashtra,Yes Bank,PNB,Web,4G,0,2024,10,October,Q4,10-10-2024
1100,12-12-2024 21:12,P2M,Entertainment,340,SUCCESS,18-25,36-45,Andhra Pradesh,PNB,ICICI,Android,5G,0,2024,12,December,Q4,12-12-2024
1101,17-06-2024 17:00,P2P,Grocery,441,SUCCESS,26-35,46-55,Uttar Pradesh,IndusInd,SBI,Web,4G,0,2024,6,June,Q2,17-06-2024
1102,17-09-2024 09:06,P2M,Transport,642,SUCCESS,46-55,26-35,Telangana,ICICI,PNB,Android,4G,0,2024,9,September,Q3,17-09-2024
1103,17-09-2024 09:40,P2P,Grocery,509,SUCCESS,46-55,46-55,West Bengal,SBI,SBI,iOS,4G,0,2024,9,September,Q3,17-09-2024
1104,15-10-2024 20:31,P2P,Fuel,824,SUCCESS,46-55,26-35,Telangana,Yes Bank,PNB,Android,WiFi,0,2024,10,October,Q4,15-10-2024
1105,12-12-2024 19:31,Bill Payment,Other,126,SUCCESS,36-45,18-25,Delhi,Axis,HDFC,iOS,4G,0,2024,12,December,Q4,12-12-2024
1106,10-12-2024 22:00,P2M,Fuel,3162,SUCCESS,18-25,46-55,Maharashtra,HDFC,Kotak,Web,4G,0,2024,12,December,Q4,10-12-2024
1107,20-06-2024 13:06,Bill Payment,Education,7482,SUCCESS,18-25,56+,Tamil Nadu,SBI,HDFC,Android,4G,0,2024,6,June,Q2,20-06-2024
1108,29-05-2024 20:45,P2M,Food,255,SUCCESS,56+,18-25,Andhra Pradesh,SBI,PNB,iOS,4G,0,2024,5,May,Q2,29-05-2024
1109,23-09-2024 23:57,Bill Payment,Grocery,3817,SUCCESS,36-45,36-45,Delhi,Yes Bank,SBI,Android,4G,0,2024,9,September,Q3,23-09-2024
1110,04-01-2024 18:33,Bill Payment,Grocery,254,SUCCESS,26-35,18-25,Rajasthan,SBI,Axis,Android,5G,0,2024,1,January,Q1,04-01-2024
1111,19-11-2024 20:00,P2P,Shopping,2032,FAILED,18-25,26-35,Uttar Pradesh,SBI,Axis,Android,4G,0,2024,11,November,Q4,19-11-2024
1112,17-03-2024 10:18,P2P,Shopping,755,SUCCESS,46-55,18-25,Maharashtra,SBI,SBI,Android,5G,0,2024,3,March,Q1,17-03-2024
1113,17-02-2024 18:00,P2M,Healthcare,598,SUCCESS,46-55,18-25,Maharashtra,PNB,Kotak,Android,4G,0,2024,2,February,Q1,17-02-2024
1114,13-03-2024 17:22,P2P,Other,1587,SUCCESS,26-35,26-35,Telangana,ICICI,HDFC,Android,4G,0,2024,3,March,Q1,13-03-2024
1115,08-12-2024 12:02,P2P,Grocery,269,SUCCESS,26-35,36-45,Tamil Nadu,ICICI,Yes Bank,iOS,5G,0,2024,12,December,Q4,08-12-2024
1116,08-10-2024 16:55,P2M,Food,162,SUCCESS,18-25,26-35,Karnataka,ICICI,SBI,Android,4G,0,2024,10,October,Q4,08-10-2024
1117,01-02-2024 00:58,P2P,Shopping,340,SUCCESS,36-45,36-45,Uttar Pradesh,SBI,Kotak,Android,WiFi,0,2024,2,February,Q1,01-02-2024
1118,03-03-2024 03:38,P2P,Fuel,590,SUCCESS,26-35,26-35,Uttar Pradesh,Kotak,Kotak,iOS,5G,0,2024,3,March,Q1,03-03-2024
1119,10-07-2024 22:25,P2M,Education,1493,SUCCESS,46-55,26-35,Rajasthan,IndusInd,Kotak,Android,4G,0,2024,7,July,Q3,10-07-2024
1120,15-10-2024 20:45,P2P,Entertainment,316,SUCCESS,26-35,26-35,Tamil Nadu,ICICI,Kotak,iOS,4G,0,2024,10,October,Q4,15-10-2024
1121,08-02-2024 14:18,P2P,Education,4457,SUCCESS,36-45,26-35,Telangana,Yes Bank,HDFC,Android,WiFi,0,2024,2,February,Q1,08-02-2024
1122,23-10-2024 19:35,P2P,Fuel,910,SUCCESS,18-25,56+,Karnataka,HDFC,SBI,Android,5G,0,2024,10,October,Q4,23-10-2024
1123,20-03-2024 10:54,Recharge,Healthcare,390,SUCCESS,26-35,36-45,Maharashtra,PNB,ICICI,Android,4G,0,2024,3,March,Q1,20-03-2024
1124,09-12-2024 09:22,P2M,Fuel,1215,SUCCESS,26-35,36-45,Tamil Nadu,IndusInd,PNB,Android,4G,0,2024,12,December,Q4,09-12-2024
1125,21-03-2024 09:20,P2P,Entertainment,183,SUCCESS,18-25,18-25,West Bengal,PNB,SBI,Android,5G,0,2024,3,March,Q1,21-03-2024
1126,13-03-2024 16:21,Bill Payment,Other,530,SUCCESS,18-25,56+,Maharashtra,Yes Bank,HDFC,iOS,4G,0,2024,3,March,Q1,13-03-2024
1127,15-12-2024 21:52,P2M,Food,74,SUCCESS,18-25,56+,West Bengal,PNB,HDFC,Android,WiFi,0,2024,12,December,Q4,15-12-2024
1128,17-09-2024 16:38,P2M,Food,2893,SUCCESS,26-35,56+,Karnataka,ICICI,Axis,Android,5G,0,2024,9,September,Q3,17-09-2024
1129,02-05-2024 03:30,P2M,Grocery,3075,SUCCESS,26-35,26-35,Karnataka,IndusInd,Yes Bank,iOS,4G,0,2024,5,May,Q2,02-05-2024
1130,05-05-2024 10:44,P2P,Grocery,1808,SUCCESS,36-45,46-55,Uttar Pradesh,IndusInd,SBI,iOS,5G,0,2024,5,May,Q2,05-05-2024
1131,30-09-2024 20:15,P2P,Food,162,SUCCESS,26-35,36-45,Delhi,SBI,Kotak,Android,4G,0,2024,9,September,Q3,30-09-2024
1132,12-11-2024 07:55,P2P,Utilities,3788,SUCCESS,46-55,26-35,Gujarat,Yes Bank,HDFC,Android,5G,0,2024,11,November,Q4,12-11-2024
1133,25-11-2024 12:07,P2P,Education,9319,SUCCESS,36-45,26-35,Rajasthan,Yes Bank,Yes Bank,Android,4G,0,2024,11,November,Q4,25-11-2024
1134,04-07-2024 03:47,P2M,Utilities,202,SUCCESS,26-35,36-45,Tamil Nadu,PNB,PNB,Android,4G,0,2024,7,July,Q3,04-07-2024
1135,09-11-2024 10:18,P2M,Grocery,1824,SUCCESS,46-55,18-25,Rajasthan,PNB,HDFC,Web,4G,0,2024,11,November,Q4,09-11-2024
1136,24-01-2024 13:34,P2P,Food,1425,SUCCESS,36-45,26-35,Karnataka,Axis,Kotak,Android,4G,0,2024,1,January,Q1,24-01-2024
1137,15-06-2024 20:51,Recharge,Entertainment,978,SUCCESS,36-45,26-35,Uttar Pradesh,ICICI,SBI,iOS,4G,0,2024,6,June,Q2,15-06-2024
1138,17-01-2024 02:46,P2M,Grocery,159,SUCCESS,26-35,26-35,Tamil Nadu,SBI,ICICI,Web,WiFi,0,2024,1,January,Q1,17-01-2024
1139,05-03-2024 19:39,Bill Payment,Other,446,SUCCESS,26-35,26-35,Tamil Nadu,IndusInd,PNB,iOS,4G,0,2024,3,March,Q1,05-03-2024
1140,07-03-2024 17:51,P2M,Grocery,232,SUCCESS,26-35,26-35,Karnataka,SBI,Axis,iOS,5G,0,2024,3,March,Q1,07-03-2024
1141,07-02-2024 09:51,P2P,Grocery,994,SUCCESS,26-35,26-35,Uttar Pradesh,HDFC,PNB,Android,4G,0,2024,2,February,Q1,07-02-2024
1142,13-03-2024 22:16,P2M,Healthcare,1327,SUCCESS,46-55,26-35,Uttar Pradesh,SBI,Axis,Android,4G,0,2024,3,March,Q1,13-03-2024
1143,30-09-2024 15:41,P2P,Transport,53,SUCCESS,36-45,26-35,Delhi,Yes Bank,HDFC,Android,4G,0,2024,9,September,Q3,30-09-2024
1144,24-02-2024 11:25,P2M,Fuel,2224,SUCCESS,36-45,18-25,Uttar Pradesh,PNB,HDFC,Android,4G,0,2024,2,February,Q1,24-02-2024
1145,30-06-2024 04:42,P2P,Shopping,7009,FAILED,18-25,36-45,Uttar Pradesh,IndusInd,Yes Bank,Android,5G,0,2024,6,June,Q2,30-06-2024
1146,26-03-2024 18:36,P2M,Education,1873,SUCCESS,18-25,26-35,Telangana,Axis,Kotak,Android,WiFi,0,2024,3,March,Q1,26-03-2024
1147,19-09-2024 07:30,P2M,Grocery,156,SUCCESS,26-35,46-55,Telangana,Axis,ICICI,iOS,4G,0,2024,9,September,Q3,19-09-2024
1148,13-04-2024 15:35,P2M,Fuel,3555,SUCCESS,36-45,18-25,Delhi,Axis,Kotak,iOS,4G,0,2024,4,April,Q2,13-04-2024
1149,18-12-2024 11:03,P2M,Fuel,392,SUCCESS,46-55,46-55,Telangana,HDFC,Kotak,Android,5G,0,2024,12,December,Q4,18-12-2024
1150,17-02-2024 12:30,P2P,Shopping,558,SUCCESS,26-35,26-35,Uttar Pradesh,SBI,SBI,Android,4G,0,2024,2,February,Q1,17-02-2024
1151,07-01-2024 17:39,P2M,Utilities,598,SUCCESS,26-35,46-55,Karnataka,PNB,SBI,iOS,4G,0,2024,1,January,Q1,07-01-2024
1152,30-07-2024 22:50,P2M,Grocery,1230,SUCCESS,26-35,26-35,Karnataka,ICICI,ICICI,iOS,3G,0,2024,7,July,Q3,30-07-2024
1153,20-03-2024 13:02,Bill Payment,Entertainment,227,SUCCESS,18-25,56+,West Bengal,PNB,ICICI,iOS,WiFi,0,2024,3,March,Q1,20-03-2024
1154,04-05-2024 21:42,P2P,Shopping,3043,SUCCESS,18-25,46-55,Maharashtra,IndusInd,IndusInd,Android,5G,0,2024,5,May,Q2,04-05-2024
1155,30-08-2024 20:34,P2P,Education,6921,SUCCESS,26-35,18-25,Delhi,Kotak,Yes Bank,Android,4G,0,2024,8,August,Q3,30-08-2024
1156,08-03-2024 15:51,P2P,Education,1245,SUCCESS,18-25,56+,Karnataka,Yes Bank,PNB,Android,4G,0,2024,3,March,Q1,08-03-2024
1157,22-02-2024 14:41,P2P,Shopping,529,SUCCESS,56+,36-45,Telangana,SBI,Yes Bank,Android,3G,0,2024,2,February,Q1,22-02-2024
1158,08-11-2024 18:08,Bill Payment,Food,182,SUCCESS,18-25,18-25,West Bengal,SBI,Axis,Android,3G,0,2024,11,November,Q4,08-11-2024
1159,15-06-2024 00:05,P2M,Fuel,745,SUCCESS,46-55,56+,Uttar Pradesh,ICICI,Axis,Android,3G,0,2024,6,June,Q2,15-06-2024
1160,23-08-2024 18:19,P2M,Transport,119,SUCCESS,26-35,56+,Gujarat,SBI,PNB,Android,WiFi,0,2024,8,August,Q3,23-08-2024
1161,02-07-2024 12:58,P2P,Food,453,SUCCESS,56+,56+,Gujarat,Yes Bank,SBI,Android,5G,0,2024,7,July,Q3,02-07-2024
1162,07-12-2024 15:22,P2P,Utilities,1107,SUCCESS,18-25,36-45,Maharashtra,SBI,IndusInd,Android,5G,0,2024,12,December,Q4,07-12-2024
1163,29-04-2024 22:10,P2P,Grocery,349,SUCCESS,18-25,18-25,Maharashtra,PNB,ICICI,iOS,4G,0,2024,4,April,Q2,29-04-2024
1164,17-12-2024 12:07,P2P,Food,181,SUCCESS,36-45,26-35,Delhi,ICICI,Axis,Android,4G,0,2024,12,December,Q4,17-12-2024
1165,23-03-2024 10:38,P2P,Entertainment,206,SUCCESS,46-55,36-45,Telangana,Yes Bank,Yes Bank,iOS,4G,0,2024,3,March,Q1,23-03-2024
1166,11-02-2024 19:37,Bill Payment,Other,479,FAILED,26-35,46-55,Telangana,HDFC,PNB,Android,4G,0,2024,2,February,Q1,11-02-2024
1167,17-10-2024 11:38,P2M,Grocery,138,SUCCESS,26-35,46-55,Delhi,Kotak,ICICI,Android,5G,0,2024,10,October,Q4,17-10-2024
1168,09-11-2024 07:31,P2M,Healthcare,399,SUCCESS,26-35,26-35,Delhi,Yes Bank,Yes Bank,Android,4G,0,2024,11,November,Q4,09-11-2024
1169,25-03-2024 11:56,P2M,Transport,28,SUCCESS,46-55,36-45,Maharashtra,ICICI,Yes Bank,Android,4G,0,2024,3,March,Q1,25-03-2024
1170,03-07-2024 17:37,P2P,Shopping,136,SUCCESS,18-25,18-25,Gujarat,SBI,HDFC,Web,WiFi,0,2024,7,July,Q3,03-07-2024
1171,17-11-2024 13:21,P2P,Grocery,761,SUCCESS,36-45,18-25,Telangana,PNB,SBI,Android,4G,0,2024,11,November,Q4,17-11-2024
1172,02-08-2024 06:42,P2M,Entertainment,350,SUCCESS,18-25,36-45,Gujarat,ICICI,SBI,Android,4G,0,2024,8,August,Q3,02-08-2024
1173,22-06-2024 13:14,P2P,Other,554,SUCCESS,26-35,26-35,Gujarat,ICICI,IndusInd,Android,3G,0,2024,6,June,Q2,22-06-2024
1174,18-05-2024 16:09,P2P,Food,227,SUCCESS,36-45,18-25,Uttar Pradesh,SBI,ICICI,Android,5G,0,2024,5,May,Q2,18-05-2024
1175,27-11-2024 12:31,P2M,Grocery,991,SUCCESS,36-45,18-25,Tamil Nadu,HDFC,ICICI,Android,4G,0,2024,11,November,Q4,27-11-2024
1176,19-03-2024 14:28,P2M,Utilities,442,SUCCESS,56+,18-25,Gujarat,ICICI,SBI,Android,WiFi,0,2024,3,March,Q1,19-03-2024
1177,17-04-2024 11:32,P2P,Fuel,3228,SUCCESS,36-45,18-25,Maharashtra,Yes Bank,SBI,Android,4G,0,2024,4,April,Q2,17-04-2024
1178,10-10-2024 16:49,Bill Payment,Transport,148,SUCCESS,36-45,18-25,Maharashtra,IndusInd,Yes Bank,Android,4G,0,2024,10,October,Q4,10-10-2024
1179,10-02-2024 11:20,P2P,Shopping,3499,SUCCESS,56+,36-45,Uttar Pradesh,SBI,ICICI,Android,4G,0,2024,2,February,Q1,10-02-2024
1180,27-03-2024 10:50,Bill Payment,Grocery,381,SUCCESS,46-55,26-35,Uttar Pradesh,Kotak,Axis,Android,4G,0,2024,3,March,Q1,27-03-2024
1181,29-04-2024 11:47,P2M,Entertainment,192,SUCCESS,46-55,56+,Telangana,HDFC,ICICI,Android,4G,0,2024,4,April,Q2,29-04-2024
1182,19-02-2024 15:09,P2M,Fuel,391,SUCCESS,26-35,26-35,Karnataka,SBI,SBI,Android,4G,0,2024,2,February,Q1,19-02-2024
1183,27-08-2024 11:04,P2P,Shopping,1000,SUCCESS,56+,26-35,Delhi,Yes Bank,PNB,Android,3G,0,2024,8,August,Q3,27-08-2024
1184,04-10-2024 23:16,P2M,Education,8282,SUCCESS,26-35,18-25,Tamil Nadu,ICICI,PNB,Android,4G,0,2024,10,October,Q4,04-10-2024
1185,01-06-2024 09:12,Bill Payment,Other,519,SUCCESS,18-25,18-25,Karnataka,PNB,Axis,Android,4G,0,2024,6,June,Q2,01-06-2024
1186,08-11-2024 09:54,P2P,Entertainment,220,SUCCESS,18-25,26-35,Telangana,HDFC,ICICI,Android,5G,0,2024,11,November,Q4,08-11-2024
1187,23-04-2024 12:26,Bill Payment,Grocery,2255,SUCCESS,36-45,36-45,Andhra Pradesh,IndusInd,Kotak,Android,5G,0,2024,4,April,Q2,23-04-2024
1188,04-12-2024 04:56,Bill Payment,Healthcare,635,SUCCESS,36-45,18-25,Maharashtra,SBI,Yes Bank,Android,4G,0,2024,12,December,Q4,04-12-2024
1189,18-04-2024 12:40,P2P,Shopping,875,SUCCESS,26-35,56+,Maharashtra,HDFC,Kotak,Android,3G,0,2024,4,April,Q2,18-04-2024
1190,02-03-2024 08:11,P2M,Food,441,SUCCESS,26-35,18-25,Maharashtra,Axis,SBI,Android,4G,0,2024,3,March,Q1,02-03-2024
1191,30-06-2024 00:06,Bill Payment,Grocery,89,FAILED,18-25,36-45,Maharashtra,IndusInd,ICICI,Android,4G,0,2024,6,June,Q2,30-06-2024
1192,26-05-2024 22:35,P2P,Entertainment,1439,SUCCESS,26-35,26-35,Maharashtra,ICICI,ICICI,iOS,4G,0,2024,5,May,Q2,26-05-2024
1193,10-12-2024 07:19,Bill Payment,Food,180,SUCCESS,36-45,18-25,Telangana,ICICI,SBI,iOS,5G,0,2024,12,December,Q4,10-12-2024
1194,27-06-2024 17:37,P2P,Food,165,SUCCESS,36-45,46-55,Telangana,SBI,SBI,Android,5G,0,2024,6,June,Q2,27-06-2024
1195,20-09-2024 12:34,Bill Payment,Food,1278,SUCCESS,26-35,46-55,Gujarat,SBI,SBI,Android,5G,0,2024,9,September,Q3,20-09-2024
1196,21-02-2024 19:09,P2M,Food,218,SUCCESS,36-45,46-55,Andhra Pradesh,SBI,IndusInd,Android,4G,0,2024,2,February,Q1,21-02-2024
1197,18-10-2024 19:26,P2P,Other,388,SUCCESS,26-35,46-55,Telangana,IndusInd,PNB,Android,4G,0,2024,10,October,Q4,18-10-2024
1198,28-07-2024 07:11,P2P,Food,298,SUCCESS,26-35,46-55,Karnataka,ICICI,HDFC,Android,4G,0,2024,7,July,Q3,28-07-2024
1199,13-10-2024 06:29,P2M,Food,378,SUCCESS,36-45,26-35,Uttar Pradesh,HDFC,SBI,iOS,4G,0,2024,10,October,Q4,13-10-2024
1200,31-01-2024 09:17,Bill Payment,Other,2171,FAILED,26-35,18-25,Tamil Nadu,Yes Bank,SBI,Web,4G,0,2024,1,January,Q1,31-01-2024
1201,14-05-2024 19:26,Bill Payment,Food,1155,SUCCESS,36-45,18-25,Gujarat,HDFC,PNB,Android,4G,0,2024,5,May,Q2,14-05-2024
1202,23-09-2024 09:16,P2M,Other,853,SUCCESS,36-45,26-35,Rajasthan,Kotak,IndusInd,iOS,4G,0,2024,9,September,Q3,23-09-2024
1203,26-08-2024 05:23,Recharge,Education,1241,SUCCESS,18-25,26-35,Andhra Pradesh,SBI,HDFC,Android,3G,0,2024,8,August,Q3,26-08-2024
1204,09-10-2024 12:25,P2M,Fuel,756,SUCCESS,46-55,26-35,Uttar Pradesh,IndusInd,IndusInd,Android,5G,0,2024,10,October,Q4,09-10-2024
1205,14-07-2024 18:26,P2P,Transport,125,FAILED,46-55,26-35,Karnataka,HDFC,Axis,iOS,4G,0,2024,7,July,Q3,14-07-2024
1206,28-07-2024 19:53,P2P,Grocery,276,SUCCESS,26-35,18-25,Tamil Nadu,PNB,Yes Bank,Android,5G,0,2024,7,July,Q3,28-07-2024
1207,26-03-2024 19:06,P2P,Utilities,6327,SUCCESS,26-35,26-35,Maharashtra,IndusInd,IndusInd,Android,4G,0,2024,3,March,Q1,26-03-2024
1208,08-12-2024 13:52,Recharge,Healthcare,360,SUCCESS,18-25,26-35,Delhi,IndusInd,Axis,Android,4G,0,2024,12,December,Q4,08-12-2024
1209,28-11-2024 15:17,P2P,Food,77,SUCCESS,46-55,18-25,West Bengal,HDFC,SBI,Android,4G,0,2024,11,November,Q4,28-11-2024
1210,26-08-2024 08:41,Recharge,Entertainment,431,SUCCESS,18-25,18-25,Uttar Pradesh,SBI,SBI,Web,5G,0,2024,8,August,Q3,26-08-2024
1211,03-12-2024 18:44,P2M,Grocery,280,SUCCESS,36-45,26-35,Maharashtra,SBI,SBI,Web,4G,0,2024,12,December,Q4,03-12-2024
1212,18-12-2024 16:37,P2P,Transport,382,SUCCESS,56+,36-45,Maharashtra,Yes Bank,IndusInd,iOS,4G,0,2024,12,December,Q4,18-12-2024
1213,09-05-2024 02:21,P2P,Healthcare,261,SUCCESS,18-25,56+,Uttar Pradesh,HDFC,SBI,Android,4G,0,2024,5,May,Q2,09-05-2024
1214,23-09-2024 16:59,P2P,Utilities,883,SUCCESS,26-35,18-25,Maharashtra,HDFC,Kotak,iOS,5G,0,2024,9,September,Q3,23-09-2024
1215,09-11-2024 20:49,P2P,Transport,65,SUCCESS,36-45,18-25,Maharashtra,HDFC,HDFC,iOS,WiFi,0,2024,11,November,Q4,09-11-2024
1216,05-11-2024 18:10,P2M,Food,987,SUCCESS,18-25,36-45,Tamil Nadu,ICICI,Kotak,iOS,5G,0,2024,11,November,Q4,05-11-2024
1217,18-11-2024 16:15,P2P,Other,341,SUCCESS,26-35,26-35,Tamil Nadu,HDFC,Kotak,Android,4G,0,2024,11,November,Q4,18-11-2024
1218,31-01-2024 10:52,Recharge,Food,101,SUCCESS,26-35,26-35,Uttar Pradesh,HDFC,Yes Bank,Web,4G,0,2024,1,January,Q1,31-01-2024
1219,13-11-2024 10:58,Bill Payment,Fuel,2010,SUCCESS,26-35,26-35,Telangana,ICICI,Axis,Android,4G,0,2024,11,November,Q4,13-11-2024
1220,09-11-2024 01:35,P2P,Food,151,SUCCESS,26-35,26-35,Gujarat,SBI,HDFC,Android,5G,0,2024,11,November,Q4,09-11-2024
1221,03-11-2024 13:48,P2P,Entertainment,391,SUCCESS,26-35,26-35,Maharashtra,Kotak,ICICI,Android,4G,0,2024,11,November,Q4,03-11-2024
1222,24-12-2024 17:24,P2M,Entertainment,449,SUCCESS,18-25,26-35,Uttar Pradesh,HDFC,HDFC,iOS,5G,0,2024,12,December,Q4,24-12-2024
1223,04-06-2024 22:13,P2M,Food,395,SUCCESS,18-25,36-45,Maharashtra,PNB,HDFC,iOS,4G,0,2024,6,June,Q2,04-06-2024
1224,07-05-2024 17:19,P2M,Entertainment,300,SUCCESS,56+,56+,Uttar Pradesh,HDFC,HDFC,Android,4G,0,2024,5,May,Q2,07-05-2024
1225,29-03-2024 20:03,P2M,Fuel,1564,SUCCESS,56+,26-35,Andhra Pradesh,ICICI,HDFC,Android,5G,0,2024,3,March,Q1,29-03-2024
1226,31-07-2024 15:00,P2P,Food,78,SUCCESS,36-45,18-25,Uttar Pradesh,HDFC,HDFC,Android,3G,0,2024,7,July,Q3,31-07-2024
1227,23-09-2024 17:59,P2P,Shopping,272,SUCCESS,36-45,18-25,West Bengal,PNB,ICICI,Android,5G,0,2024,9,September,Q3,23-09-2024
1228,23-07-2024 01:16,Bill Payment,Shopping,489,SUCCESS,18-25,18-25,Karnataka,HDFC,PNB,iOS,5G,0,2024,7,July,Q3,23-07-2024
1229,22-06-2024 00:21,P2P,Fuel,479,SUCCESS,26-35,36-45,Karnataka,SBI,HDFC,iOS,4G,1,2024,6,June,Q2,22-06-2024
1230,19-02-2024 13:25,Bill Payment,Utilities,4792,SUCCESS,46-55,46-55,Uttar Pradesh,PNB,SBI,Android,4G,0,2024,2,February,Q1,19-02-2024
1231,10-04-2024 08:32,P2P,Fuel,1602,SUCCESS,46-55,18-25,Maharashtra,SBI,PNB,Android,4G,0,2024,4,April,Q2,10-04-2024
1232,28-09-2024 07:15,P2M,Education,4079,SUCCESS,26-35,18-25,Rajasthan,SBI,IndusInd,Android,4G,0,2024,9,September,Q3,28-09-2024
1233,03-03-2024 17:11,P2P,Entertainment,249,SUCCESS,18-25,18-25,Telangana,SBI,HDFC,Android,4G,0,2024,3,March,Q1,03-03-2024
1234,13-12-2024 15:51,Recharge,Food,107,SUCCESS,26-35,26-35,Uttar Pradesh,ICICI,IndusInd,Android,4G,0,2024,12,December,Q4,13-12-2024
1235,09-05-2024 09:03,P2P,Other,1367,SUCCESS,26-35,26-35,West Bengal,Axis,ICICI,Web,4G,0,2024,5,May,Q2,09-05-2024
1236,07-06-2024 19:24,P2P,Shopping,2371,SUCCESS,18-25,26-35,Maharashtra,ICICI,HDFC,Android,4G,0,2024,6,June,Q2,07-06-2024
1237,11-05-2024 20:41,Bill Payment,Grocery,3075,SUCCESS,26-35,26-35,Andhra Pradesh,PNB,IndusInd,Android,4G,0,2024,5,May,Q2,11-05-2024
1238,02-08-2024 11:05,P2M,Food,239,SUCCESS,36-45,36-45,Maharashtra,PNB,SBI,Android,4G,0,2024,8,August,Q3,02-08-2024
1239,02-12-2024 17:21,P2P,Shopping,253,SUCCESS,18-25,26-35,West Bengal,ICICI,Axis,iOS,WiFi,0,2024,12,December,Q4,02-12-2024
1240,09-03-2024 22:06,P2P,Shopping,4354,SUCCESS,26-35,36-45,West Bengal,SBI,HDFC,Web,WiFi,0,2024,3,March,Q1,09-03-2024
1241,17-05-2024 13:01,P2P,Grocery,191,SUCCESS,36-45,46-55,Rajasthan,ICICI,HDFC,Android,4G,0,2024,5,May,Q2,17-05-2024
1242,11-04-2024 15:34,P2P,Healthcare,1577,FAILED,36-45,36-45,Gujarat,ICICI,Kotak,Android,4G,0,2024,4,April,Q2,11-04-2024
1243,06-06-2024 08:27,P2P,Entertainment,477,SUCCESS,26-35,36-45,West Bengal,ICICI,PNB,Web,4G,0,2024,6,June,Q2,06-06-2024
1244,28-06-2024 19:29,Bill Payment,Shopping,643,SUCCESS,36-45,26-35,Rajasthan,Yes Bank,SBI,Android,4G,0,2024,6,June,Q2,28-06-2024
1245,05-01-2024 15:34,Bill Payment,Other,711,SUCCESS,36-45,26-35,Delhi,SBI,SBI,iOS,WiFi,0,2024,1,January,Q1,05-01-2024
1246,09-08-2024 07:05,P2M,Shopping,3031,SUCCESS,18-25,26-35,Karnataka,HDFC,HDFC,iOS,4G,0,2024,8,August,Q3,09-08-2024
1247,03-11-2024 22:07,P2M,Transport,210,SUCCESS,56+,46-55,Telangana,SBI,Kotak,iOS,5G,0,2024,11,November,Q4,03-11-2024
1248,24-12-2024 21:49,Bill Payment,Entertainment,189,SUCCESS,36-45,36-45,Rajasthan,Axis,ICICI,Android,4G,0,2024,12,December,Q4,24-12-2024
1249,18-06-2024 19:47,P2M,Fuel,508,FAILED,26-35,56+,Rajasthan,Kotak,ICICI,Android,WiFi,0,2024,6,June,Q2,18-06-2024
1250,02-07-2024 20:36,P2P,Other,1492,SUCCESS,46-55,26-35,Maharashtra,HDFC,HDFC,Android,4G,0,2024,7,July,Q3,02-07-2024
1251,25-05-2024 14:29,P2P,Grocery,165,SUCCESS,26-35,18-25,Delhi,PNB,Axis,Android,5G,0,2024,5,May,Q2,25-05-2024
1252,06-04-2024 17:35,Bill Payment,Shopping,7581,SUCCESS,18-25,26-35,Telangana,ICICI,IndusInd,Android,5G,0,2024,4,April,Q2,06-04-2024
1253,16-10-2024 23:01,P2P,Fuel,2875,SUCCESS,46-55,36-45,Maharashtra,SBI,Yes Bank,Android,4G,0,2024,10,October,Q4,16-10-2024
1254,05-04-2024 11:33,P2M,Grocery,502,SUCCESS,26-35,26-35,Uttar Pradesh,Kotak,PNB,Android,5G,0,2024,4,April,Q2,05-04-2024
1255,19-02-2024 13:20,P2P,Healthcare,415,SUCCESS,46-55,36-45,Maharashtra,ICICI,SBI,Android,WiFi,0,2024,2,February,Q1,19-02-2024
1256,19-03-2024 09:08,Bill Payment,Fuel,934,SUCCESS,46-55,46-55,West Bengal,Axis,SBI,Android,4G,0,2024,3,March,Q1,19-03-2024
1257,17-02-2024 10:21,P2P,Fuel,770,SUCCESS,18-25,18-25,Karnataka,Yes Bank,PNB,Android,4G,0,2024,2,February,Q1,17-02-2024
1258,10-09-2024 21:16,P2P,Utilities,419,SUCCESS,36-45,18-25,Telangana,Yes Bank,SBI,Android,4G,0,2024,9,September,Q3,10-09-2024
1259,08-12-2024 11:41,P2M,Other,6150,SUCCESS,18-25,18-25,Andhra Pradesh,HDFC,Axis,Android,4G,0,2024,12,December,Q4,08-12-2024
1260,13-04-2024 11:45,P2P,Shopping,1703,SUCCESS,36-45,18-25,Delhi,SBI,HDFC,Android,WiFi,0,2024,4,April,Q2,13-04-2024
1261,15-12-2024 23:42,P2P,Healthcare,154,SUCCESS,26-35,36-45,Telangana,Axis,IndusInd,Android,4G,0,2024,12,December,Q4,15-12-2024
1262,06-10-2024 22:02,Bill Payment,Fuel,1851,SUCCESS,36-45,26-35,Andhra Pradesh,SBI,SBI,Android,4G,0,2024,10,October,Q4,06-10-2024
1263,21-08-2024 06:38,P2M,Entertainment,393,SUCCESS,36-45,46-55,Maharashtra,HDFC,IndusInd,Android,4G,0,2024,8,August,Q3,21-08-2024
1264,04-02-2024 17:22,P2M,Transport,259,SUCCESS,26-35,26-35,Tamil Nadu,SBI,SBI,Android,4G,0,2024,2,February,Q1,04-02-2024
1265,16-10-2024 07:00,P2P,Transport,625,SUCCESS,26-35,18-25,Delhi,SBI,SBI,iOS,WiFi,0,2024,10,October,Q4,16-10-2024
1266,22-12-2024 11:57,P2M,Grocery,497,SUCCESS,56+,36-45,Telangana,SBI,ICICI,Android,4G,0,2024,12,December,Q4,22-12-2024
1267,08-06-2024 17:53,P2M,Grocery,590,SUCCESS,18-25,18-25,Tamil Nadu,Yes Bank,HDFC,Android,4G,0,2024,6,June,Q2,08-06-2024
1268,22-06-2024 21:50,P2P,Shopping,1393,SUCCESS,26-35,18-25,Delhi,SBI,IndusInd,Android,4G,0,2024,6,June,Q2,22-06-2024
1269,19-07-2024 14:35,P2P,Utilities,2616,SUCCESS,26-35,46-55,Karnataka,PNB,SBI,Android,4G,0,2024,7,July,Q3,19-07-2024
1270,18-02-2024 11:15,Bill Payment,Shopping,1132,SUCCESS,56+,36-45,Delhi,ICICI,IndusInd,Android,3G,0,2024,2,February,Q1,18-02-2024
1271,05-01-2024 12:27,P2M,Food,574,FAILED,18-25,36-45,Andhra Pradesh,Kotak,IndusInd,Android,4G,0,2024,1,January,Q1,05-01-2024
1272,26-01-2024 13:55,P2M,Other,248,SUCCESS,26-35,46-55,Karnataka,HDFC,ICICI,Android,4G,0,2024,1,January,Q1,26-01-2024
1273,17-12-2024 08:41,P2P,Entertainment,438,SUCCESS,36-45,36-45,Andhra Pradesh,HDFC,Yes Bank,Android,4G,0,2024,12,December,Q4,17-12-2024
1274,03-10-2024 23:58,P2M,Shopping,1106,FAILED,26-35,26-35,Delhi,SBI,Kotak,iOS,5G,0,2024,10,October,Q4,03-10-2024
1275,12-10-2024 07:12,P2P,Grocery,3305,SUCCESS,26-35,46-55,West Bengal,HDFC,SBI,Android,4G,0,2024,10,October,Q4,12-10-2024
1276,30-07-2024 12:25,P2P,Entertainment,237,SUCCESS,36-45,26-35,Gujarat,IndusInd,SBI,Android,4G,0,2024,7,July,Q3,30-07-2024
1277,30-04-2024 12:18,P2P,Utilities,1048,SUCCESS,26-35,18-25,Andhra Pradesh,PNB,Axis,Android,5G,0,2024,4,April,Q2,30-04-2024
1278,15-05-2024 14:20,P2P,Fuel,642,SUCCESS,18-25,36-45,Gujarat,Yes Bank,ICICI,iOS,5G,0,2024,5,May,Q2,15-05-2024
1279,28-09-2024 21:56,P2P,Other,1152,SUCCESS,26-35,18-25,Andhra Pradesh,PNB,HDFC,Android,4G,0,2024,9,September,Q3,28-09-2024
1280,04-09-2024 21:48,P2P,Food,96,SUCCESS,26-35,36-45,Maharashtra,HDFC,Axis,Android,4G,0,2024,9,September,Q3,04-09-2024
1281,02-04-2024 15:40,P2M,Other,758,SUCCESS,26-35,18-25,Maharashtra,Kotak,SBI,Android,4G,0,2024,4,April,Q2,02-04-2024
1282,17-11-2024 07:57,P2M,Food,154,SUCCESS,36-45,26-35,Delhi,PNB,PNB,Android,5G,0,2024,11,November,Q4,17-11-2024
1283,09-03-2024 12:04,P2M,Entertainment,734,SUCCESS,18-25,18-25,West Bengal,IndusInd,HDFC,iOS,4G,0,2024,3,March,Q1,09-03-2024
1284,05-04-2024 07:34,P2P,Other,1273,SUCCESS,18-25,56+,Maharashtra,IndusInd,SBI,Android,4G,0,2024,4,April,Q2,05-04-2024
1285,01-07-2024 19:40,P2M,Food,161,FAILED,26-35,18-25,Delhi,IndusInd,ICICI,iOS,4G,0,2024,7,July,Q3,01-07-2024
1286,20-12-2024 11:24,P2M,Shopping,1201,SUCCESS,36-45,36-45,Andhra Pradesh,SBI,Kotak,iOS,5G,0,2024,12,December,Q4,20-12-2024
1287,03-10-2024 15:45,P2P,Grocery,1776,SUCCESS,18-25,36-45,Delhi,SBI,HDFC,Android,4G,0,2024,10,October,Q4,03-10-2024
1288,01-07-2024 09:26,P2P,Food,101,SUCCESS,18-25,18-25,Uttar Pradesh,Kotak,HDFC,Android,5G,0,2024,7,July,Q3,01-07-2024
1289,27-02-2024 15:17,P2P,Transport,82,SUCCESS,26-35,26-35,Delhi,Yes Bank,SBI,Android,4G,0,2024,2,February,Q1,27-02-2024
1290,01-07-2024 21:55,Bill Payment,Fuel,484,SUCCESS,36-45,26-35,Andhra Pradesh,HDFC,HDFC,Android,5G,0,2024,7,July,Q3,01-07-2024
1291,20-02-2024 18:04,Recharge,Utilities,2082,SUCCESS,26-35,26-35,Gujarat,IndusInd,ICICI,Android,4G,0,2024,2,February,Q1,20-02-2024
1292,31-07-2024 19:07,Bill Payment,Entertainment,271,SUCCESS,46-55,46-55,Rajasthan,SBI,Axis,iOS,5G,0,2024,7,July,Q3,31-07-2024
1293,25-10-2024 09:13,P2P,Food,239,SUCCESS,36-45,56+,Uttar Pradesh,SBI,Axis,Android,WiFi,0,2024,10,October,Q4,25-10-2024
1294,15-06-2024 12:59,P2M,Entertainment,213,SUCCESS,18-25,18-25,Maharashtra,Yes Bank,SBI,Android,5G,0,2024,6,June,Q2,15-06-2024
1295,08-04-2024 16:00,P2M,Grocery,315,SUCCESS,46-55,26-35,Maharashtra,HDFC,HDFC,Android,WiFi,0,2024,4,April,Q2,08-04-2024
1296,23-06-2024 22:46,Bill Payment,Education,1040,SUCCESS,18-25,36-45,Uttar Pradesh,IndusInd,Axis,Android,4G,0,2024,6,June,Q2,23-06-2024
1297,06-09-2024 10:20,P2M,Shopping,282,SUCCESS,18-25,26-35,Delhi,HDFC,Axis,Android,4G,0,2024,9,September,Q3,06-09-2024
1298,06-08-2024 16:23,P2M,Entertainment,542,SUCCESS,18-25,18-25,Gujarat,SBI,HDFC,iOS,5G,0,2024,8,August,Q3,06-08-2024
1299,17-12-2024 12:25,P2M,Education,324,SUCCESS,18-25,46-55,Andhra Pradesh,Yes Bank,Yes Bank,Android,5G,0,2024,12,December,Q4,17-12-2024
1300,13-02-2024 19:23,P2P,Other,529,SUCCESS,18-25,36-45,Tamil Nadu,SBI,SBI,Android,4G,0,2024,2,February,Q1,13-02-2024
1301,07-01-2024 09:12,P2M,Other,137,FAILED,36-45,26-35,West Bengal,PNB,Kotak,Android,5G,0,2024,1,January,Q1,07-01-2024
1302,15-02-2024 13:07,P2P,Utilities,6370,SUCCESS,36-45,36-45,Andhra Pradesh,SBI,SBI,Android,WiFi,0,2024,2,February,Q1,15-02-2024
1303,19-09-2024 16:42,P2M,Utilities,4276,SUCCESS,18-25,56+,Gujarat,HDFC,SBI,iOS,5G,0,2024,9,September,Q3,19-09-2024
1304,15-07-2024 12:47,Recharge,Shopping,10900,SUCCESS,36-45,26-35,Telangana,Yes Bank,PNB,Android,4G,0,2024,7,July,Q3,15-07-2024
1305,11-08-2024 11:04,P2P,Grocery,176,SUCCESS,18-25,46-55,Telangana,Axis,SBI,Android,4G,0,2024,8,August,Q3,11-08-2024
1306,08-07-2024 23:49,P2P,Grocery,766,FAILED,26-35,26-35,Rajasthan,ICICI,PNB,Android,4G,0,2024,7,July,Q3,08-07-2024
1307,02-06-2024 21:54,P2M,Food,584,SUCCESS,18-25,46-55,Telangana,HDFC,HDFC,Android,4G,0,2024,6,June,Q2,02-06-2024
1308,16-07-2024 15:57,P2M,Shopping,10973,SUCCESS,18-25,46-55,Karnataka,SBI,SBI,Android,4G,0,2024,7,July,Q3,16-07-2024
1309,23-07-2024 10:31,P2P,Entertainment,947,SUCCESS,36-45,18-25,Andhra Pradesh,IndusInd,IndusInd,Android,5G,0,2024,7,July,Q3,23-07-2024
1310,03-02-2024 15:58,P2M,Food,80,SUCCESS,18-25,18-25,Telangana,HDFC,Kotak,Android,4G,0,2024,2,February,Q1,03-02-2024
1311,18-07-2024 18:34,P2P,Grocery,1502,SUCCESS,18-25,36-45,Tamil Nadu,SBI,Kotak,Android,4G,0,2024,7,July,Q3,18-07-2024
1312,22-08-2024 18:10,P2P,Food,290,SUCCESS,26-35,26-35,Andhra Pradesh,SBI,Yes Bank,Android,3G,0,2024,8,August,Q3,22-08-2024
1313,20-03-2024 21:49,P2M,Grocery,265,SUCCESS,18-25,26-35,Tamil Nadu,ICICI,SBI,iOS,5G,0,2024,3,March,Q1,20-03-2024
1314,06-03-2024 13:07,P2P,Grocery,1946,SUCCESS,36-45,18-25,Delhi,SBI,Kotak,iOS,4G,0,2024,3,March,Q1,06-03-2024
1315,07-03-2024 11:04,P2P,Grocery,978,SUCCESS,18-25,26-35,Telangana,IndusInd,Kotak,Android,WiFi,0,2024,3,March,Q1,07-03-2024
1316,15-07-2024 21:47,Bill Payment,Transport,153,SUCCESS,26-35,18-25,Maharashtra,ICICI,ICICI,Web,4G,0,2024,7,July,Q3,15-07-2024
1317,12-01-2024 19:52,P2M,Grocery,2419,SUCCESS,26-35,18-25,Telangana,Yes Bank,SBI,Android,4G,0,2024,1,January,Q1,12-01-2024
1318,17-01-2024 18:14,P2M,Entertainment,293,SUCCESS,18-25,36-45,Rajasthan,Yes Bank,PNB,Android,5G,0,2024,1,January,Q1,17-01-2024
1319,02-11-2024 17:20,P2M,Shopping,1320,SUCCESS,26-35,36-45,Maharashtra,PNB,HDFC,iOS,5G,0,2024,11,November,Q4,02-11-2024
1320,09-03-2024 21:25,P2M,Grocery,1089,SUCCESS,18-25,26-35,Gujarat,HDFC,SBI,Android,4G,0,2024,3,March,Q1,09-03-2024
1321,10-07-2024 18:55,P2M,Transport,450,SUCCESS,18-25,26-35,Karnataka,IndusInd,ICICI,Android,4G,0,2024,7,July,Q3,10-07-2024
1322,19-01-2024 12:46,Bill Payment,Grocery,2912,SUCCESS,36-45,18-25,Maharashtra,Yes Bank,Kotak,Android,3G,0,2024,1,January,Q1,19-01-2024
1323,06-04-2024 14:34,Bill Payment,Utilities,332,SUCCESS,26-35,56+,West Bengal,SBI,HDFC,Android,5G,0,2024,4,April,Q2,06-04-2024
1324,20-03-2024 19:06,P2P,Shopping,451,SUCCESS,18-25,18-25,Maharashtra,Kotak,Kotak,Android,5G,0,2024,3,March,Q1,20-03-2024
1325,31-08-2024 13:53,P2P,Shopping,1098,SUCCESS,26-35,18-25,Uttar Pradesh,Axis,HDFC,Android,3G,0,2024,8,August,Q3,31-08-2024
1326,07-01-2024 13:28,P2P,Food,440,SUCCESS,26-35,56+,Tamil Nadu,SBI,Kotak,Android,5G,0,2024,1,January,Q1,07-01-2024
1327,21-04-2024 19:26,Recharge,Transport,421,SUCCESS,18-25,26-35,Karnataka,ICICI,SBI,Android,3G,0,2024,4,April,Q2,21-04-2024
1328,25-08-2024 17:17,P2P,Fuel,201,SUCCESS,26-35,18-25,Tamil Nadu,Yes Bank,ICICI,Android,4G,0,2024,8,August,Q3,25-08-2024
1329,23-08-2024 17:35,P2M,Food,189,SUCCESS,36-45,46-55,West Bengal,Yes Bank,IndusInd,Android,4G,0,2024,8,August,Q3,23-08-2024
1330,14-08-2024 21:09,P2P,Entertainment,184,SUCCESS,26-35,46-55,Uttar Pradesh,SBI,IndusInd,Android,4G,0,2024,8,August,Q3,14-08-2024
1331,23-08-2024 22:00,P2P,Transport,240,SUCCESS,46-55,26-35,Gujarat,ICICI,SBI,Android,4G,0,2024,8,August,Q3,23-08-2024
1332,10-01-2024 23:36,P2M,Transport,165,SUCCESS,26-35,36-45,Maharashtra,HDFC,Yes Bank,iOS,4G,0,2024,1,January,Q1,10-01-2024
1333,14-01-2024 14:27,P2P,Food,765,FAILED,18-25,26-35,Rajasthan,Kotak,Yes Bank,Android,4G,0,2024,1,January,Q1,14-01-2024
1334,28-01-2024 15:00,P2P,Entertainment,458,SUCCESS,36-45,36-45,Maharashtra,SBI,HDFC,iOS,4G,0,2024,1,January,Q1,28-01-2024
1335,05-11-2024 22:29,P2M,Shopping,7044,SUCCESS,26-35,26-35,Karnataka,SBI,Kotak,Android,5G,0,2024,11,November,Q4,05-11-2024
1336,20-11-2024 18:33,P2P,Utilities,118,SUCCESS,26-35,18-25,Maharashtra,HDFC,Kotak,Android,3G,0,2024,11,November,Q4,20-11-2024
1337,27-11-2024 13:18,P2M,Other,242,SUCCESS,26-35,18-25,Delhi,SBI,ICICI,Android,4G,0,2024,11,November,Q4,27-11-2024
1338,29-10-2024 01:05,P2M,Grocery,1042,SUCCESS,26-35,26-35,Delhi,ICICI,SBI,Android,5G,0,2024,10,October,Q4,29-10-2024
1339,02-02-2024 22:59,P2P,Healthcare,317,SUCCESS,46-55,36-45,Telangana,SBI,ICICI,Android,5G,0,2024,2,February,Q1,02-02-2024
1340,28-07-2024 20:47,P2M,Transport,186,SUCCESS,36-45,36-45,Karnataka,IndusInd,IndusInd,Android,4G,0,2024,7,July,Q3,28-07-2024
1341,18-05-2024 19:40,P2M,Entertainment,168,SUCCESS,18-25,36-45,Karnataka,Axis,Yes Bank,iOS,WiFi,0,2024,5,May,Q2,18-05-2024
1342,27-10-2024 18:24,P2M,Food,529,SUCCESS,46-55,26-35,Karnataka,ICICI,SBI,Web,4G,0,2024,10,October,Q4,27-10-2024
1343,17-10-2024 07:28,P2M,Grocery,971,SUCCESS,46-55,18-25,Rajasthan,SBI,Yes Bank,Android,4G,0,2024,10,October,Q4,17-10-2024
1344,03-04-2024 12:04,P2P,Shopping,4017,SUCCESS,18-25,18-25,Andhra Pradesh,SBI,SBI,Android,4G,0,2024,4,April,Q2,03-04-2024
1345,23-07-2024 22:08,P2M,Grocery,441,SUCCESS,18-25,36-45,Rajasthan,Kotak,Axis,iOS,5G,0,2024,7,July,Q3,23-07-2024
1346,20-09-2024 17:17,Bill Payment,Fuel,805,SUCCESS,36-45,18-25,Rajasthan,Kotak,Yes Bank,Android,WiFi,0,2024,9,September,Q3,20-09-2024
1347,24-11-2024 12:22,P2M,Healthcare,261,SUCCESS,26-35,36-45,Karnataka,HDFC,PNB,Android,WiFi,0,2024,11,November,Q4,24-11-2024
1348,13-03-2024 12:37,Recharge,Other,1352,SUCCESS,36-45,26-35,Gujarat,ICICI,HDFC,Android,WiFi,0,2024,3,March,Q1,13-03-2024
1349,29-07-2024 14:17,P2P,Food,1120,SUCCESS,18-25,26-35,Maharashtra,Axis,SBI,Android,5G,0,2024,7,July,Q3,29-07-2024
1350,10-09-2024 23:13,P2M,Utilities,1004,SUCCESS,26-35,18-25,Uttar Pradesh,PNB,ICICI,Android,3G,0,2024,9,September,Q3,10-09-2024
1351,13-09-2024 19:27,P2P,Entertainment,565,SUCCESS,36-45,26-35,Delhi,PNB,PNB,Android,3G,0,2024,9,September,Q3,13-09-2024
1352,23-10-2024 18:54,P2M,Other,462,SUCCESS,36-45,56+,Karnataka,Yes Bank,Axis,iOS,4G,0,2024,10,October,Q4,23-10-2024
1353,13-10-2024 12:50,P2M,Other,1182,SUCCESS,26-35,26-35,Karnataka,Yes Bank,ICICI,Android,4G,0,2024,10,October,Q4,13-10-2024
1354,20-06-2024 19:28,P2P,Grocery,170,SUCCESS,56+,36-45,Maharashtra,SBI,SBI,iOS,5G,0,2024,6,June,Q2,20-06-2024
1355,15-05-2024 19:30,P2P,Grocery,832,SUCCESS,26-35,56+,Rajasthan,HDFC,IndusInd,Android,4G,0,2024,5,May,Q2,15-05-2024
1356,19-01-2024 00:51,P2M,Transport,325,SUCCESS,18-25,18-25,Andhra Pradesh,SBI,ICICI,Android,5G,0,2024,1,January,Q1,19-01-2024
1357,13-02-2024 13:15,P2M,Transport,148,FAILED,26-35,18-25,Tamil Nadu,Yes Bank,Yes Bank,Android,4G,0,2024,2,February,Q1,13-02-2024
1358,04-03-2024 17:14,P2P,Healthcare,626,SUCCESS,36-45,18-25,Uttar Pradesh,HDFC,SBI,Android,5G,0,2024,3,March,Q1,04-03-2024
1359,17-07-2024 14:56,P2M,Transport,31,SUCCESS,36-45,18-25,Telangana,Axis,PNB,Android,4G,0,2024,7,July,Q3,17-07-2024
1360,14-07-2024 11:39,Bill Payment,Food,444,FAILED,26-35,46-55,Telangana,ICICI,HDFC,iOS,4G,0,2024,7,July,Q3,14-07-2024
1361,04-12-2024 20:33,P2M,Transport,1913,SUCCESS,36-45,18-25,Tamil Nadu,SBI,HDFC,Android,4G,0,2024,12,December,Q4,04-12-2024
1362,07-02-2024 16:35,Bill Payment,Grocery,947,SUCCESS,26-35,26-35,Maharashtra,Axis,SBI,Android,5G,0,2024,2,February,Q1,07-02-2024
1363,21-06-2024 21:37,P2P,Grocery,361,SUCCESS,26-35,36-45,Andhra Pradesh,Axis,SBI,iOS,WiFi,0,2024,6,June,Q2,21-06-2024
1364,20-01-2024 19:23,P2P,Utilities,1595,SUCCESS,26-35,18-25,Andhra Pradesh,SBI,IndusInd,Android,5G,0,2024,1,January,Q1,20-01-2024
1365,26-02-2024 10:56,Bill Payment,Grocery,1521,SUCCESS,18-25,18-25,Gujarat,ICICI,IndusInd,iOS,4G,0,2024,2,February,Q1,26-02-2024
1366,26-07-2024 21:51,P2M,Food,986,SUCCESS,26-35,36-45,Delhi,PNB,Kotak,iOS,4G,0,2024,7,July,Q3,26-07-2024
1367,03-07-2024 16:51,P2M,Grocery,308,SUCCESS,46-55,26-35,Uttar Pradesh,HDFC,PNB,Android,4G,0,2024,7,July,Q3,03-07-2024
1368,12-09-2024 09:51,Bill Payment,Transport,83,SUCCESS,18-25,18-25,Maharashtra,SBI,HDFC,Android,4G,0,2024,9,September,Q3,12-09-2024
1369,19-09-2024 20:26,Bill Payment,Entertainment,261,SUCCESS,36-45,36-45,Maharashtra,SBI,IndusInd,iOS,4G,0,2024,9,September,Q3,19-09-2024
1370,22-12-2024 14:54,Recharge,Food,413,SUCCESS,26-35,18-25,West Bengal,HDFC,Yes Bank,Android,5G,0,2024,12,December,Q4,22-12-2024
1371,24-04-2024 23:15,Recharge,Food,59,SUCCESS,36-45,36-45,Maharashtra,Yes Bank,PNB,iOS,5G,0,2024,4,April,Q2,24-04-2024
1372,25-11-2024 20:04,P2P,Education,14588,SUCCESS,46-55,18-25,Rajasthan,SBI,PNB,Web,WiFi,0,2024,11,November,Q4,25-11-2024
1373,22-12-2024 13:11,P2P,Grocery,2000,SUCCESS,18-25,46-55,Maharashtra,SBI,Kotak,Android,4G,0,2024,12,December,Q4,22-12-2024
1374,12-08-2024 19:44,P2P,Food,57,SUCCESS,26-35,36-45,Rajasthan,HDFC,ICICI,Android,4G,0,2024,8,August,Q3,12-08-2024
1375,22-07-2024 12:04,P2P,Transport,171,FAILED,18-25,18-25,Karnataka,IndusInd,ICICI,iOS,4G,0,2024,7,July,Q3,22-07-2024
1376,19-06-2024 16:34,Recharge,Shopping,1118,SUCCESS,26-35,26-35,Delhi,SBI,Yes Bank,Android,4G,0,2024,6,June,Q2,19-06-2024
1377,02-12-2024 19:30,P2P,Grocery,726,SUCCESS,26-35,18-25,Gujarat,HDFC,HDFC,iOS,4G,0,2024,12,December,Q4,02-12-2024
1378,22-08-2024 23:53,Bill Payment,Food,62,SUCCESS,26-35,18-25,Telangana,Axis,SBI,Android,5G,0,2024,8,August,Q3,22-08-2024
1379,23-06-2024 09:00,P2M,Utilities,2480,SUCCESS,26-35,18-25,Maharashtra,SBI,SBI,Android,4G,0,2024,6,June,Q2,23-06-2024
1380,01-01-2024 18:26,P2M,Utilities,2857,SUCCESS,36-45,26-35,Karnataka,PNB,SBI,Android,4G,0,2024,1,January,Q1,01-01-2024
1381,14-04-2024 17:05,P2P,Other,1475,SUCCESS,18-25,26-35,Karnataka,SBI,PNB,Android,4G,0,2024,4,April,Q2,14-04-2024
1382,23-07-2024 16:05,P2P,Healthcare,772,SUCCESS,18-25,26-35,Maharashtra,Axis,PNB,Android,5G,0,2024,7,July,Q3,23-07-2024
1383,31-08-2024 18:07,P2P,Grocery,236,SUCCESS,18-25,46-55,Maharashtra,SBI,SBI,Android,4G,0,2024,8,August,Q3,31-08-2024
1384,30-01-2024 15:02,Bill Payment,Other,469,FAILED,26-35,26-35,Karnataka,SBI,Yes Bank,Android,5G,0,2024,1,January,Q1,30-01-2024
1385,27-10-2024 23:39,P2M,Entertainment,229,SUCCESS,18-25,18-25,Telangana,PNB,Kotak,Android,5G,0,2024,10,October,Q4,27-10-2024
1386,26-09-2024 13:19,P2P,Shopping,4143,SUCCESS,26-35,36-45,Telangana,SBI,IndusInd,Android,5G,0,2024,9,September,Q3,26-09-2024
1387,08-01-2024 19:14,P2M,Shopping,778,SUCCESS,26-35,18-25,Rajasthan,HDFC,HDFC,Android,5G,0,2024,1,January,Q1,08-01-2024
1388,29-06-2024 19:21,P2P,Food,142,SUCCESS,18-25,18-25,Uttar Pradesh,Kotak,SBI,Android,4G,0,2024,6,June,Q2,29-06-2024
1389,17-03-2024 13:26,P2P,Entertainment,354,SUCCESS,56+,56+,Andhra Pradesh,Yes Bank,Axis,Android,4G,0,2024,3,March,Q1,17-03-2024
1390,13-06-2024 08:31,Bill Payment,Food,244,SUCCESS,36-45,36-45,Gujarat,Axis,Kotak,Android,4G,0,2024,6,June,Q2,13-06-2024
1391,11-04-2024 11:59,P2M,Healthcare,122,SUCCESS,26-35,26-35,Rajasthan,Axis,PNB,Android,5G,0,2024,4,April,Q2,11-04-2024
1392,21-06-2024 14:49,P2P,Other,913,SUCCESS,18-25,36-45,Maharashtra,SBI,Yes Bank,Android,4G,0,2024,6,June,Q2,21-06-2024
1393,18-02-2024 18:39,P2M,Grocery,650,SUCCESS,36-45,18-25,Gujarat,HDFC,ICICI,iOS,4G,0,2024,2,February,Q1,18-02-2024
1394,09-12-2024 12:40,P2P,Utilities,1512,SUCCESS,36-45,18-25,Maharashtra,SBI,ICICI,Android,4G,0,2024,12,December,Q4,09-12-2024
1395,08-06-2024 09:47,P2P,Entertainment,365,SUCCESS,36-45,26-35,Karnataka,HDFC,PNB,Android,5G,0,2024,6,June,Q2,08-06-2024
1396,12-01-2024 19:42,Bill Payment,Entertainment,391,SUCCESS,26-35,46-55,Delhi,IndusInd,Axis,Android,3G,0,2024,1,January,Q1,12-01-2024
1397,04-11-2024 22:22,Recharge,Education,14512,SUCCESS,26-35,36-45,Delhi,Kotak,ICICI,Android,5G,0,2024,11,November,Q4,04-11-2024
1398,23-04-2024 21:40,P2M,Grocery,2006,SUCCESS,26-35,26-35,Gujarat,PNB,SBI,Android,4G,0,2024,4,April,Q2,23-04-2024
1399,25-02-2024 21:52,Recharge,Food,581,SUCCESS,36-45,26-35,Uttar Pradesh,SBI,HDFC,Android,WiFi,0,2024,2,February,Q1,25-02-2024
1400,01-12-2024 08:58,Bill Payment,Entertainment,204,SUCCESS,36-45,26-35,Gujarat,IndusInd,ICICI,Android,4G,0,2024,12,December,Q4,01-12-2024
1401,05-07-2024 09:08,P2M,Other,1311,SUCCESS,26-35,18-25,Maharashtra,PNB,IndusInd,iOS,4G,0,2024,7,July,Q3,05-07-2024
1402,25-06-2024 16:04,P2P,Shopping,594,SUCCESS,26-35,26-35,Gujarat,SBI,SBI,iOS,5G,0,2024,6,June,Q2,25-06-2024
1403,17-03-2024 21:04,P2M,Food,476,SUCCESS,36-45,26-35,Uttar Pradesh,SBI,HDFC,iOS,4G,0,2024,3,March,Q1,17-03-2024
1404,19-02-2024 17:30,P2M,Utilities,3986,SUCCESS,26-35,26-35,Tamil Nadu,SBI,HDFC,Android,5G,0,2024,2,February,Q1,19-02-2024
1405,01-12-2024 13:19,P2M,Food,165,SUCCESS,26-35,26-35,Tamil Nadu,Axis,Kotak,Android,4G,0,2024,12,December,Q4,01-12-2024
1406,14-10-2024 21:56,Recharge,Grocery,636,SUCCESS,46-55,26-35,Karnataka,Yes Bank,Yes Bank,Android,4G,0,2024,10,October,Q4,14-10-2024
1407,13-07-2024 16:49,P2M,Grocery,220,SUCCESS,46-55,26-35,Andhra Pradesh,SBI,ICICI,Android,4G,0,2024,7,July,Q3,13-07-2024
1408,07-03-2024 12:41,P2P,Food,1391,SUCCESS,36-45,18-25,Maharashtra,Yes Bank,Yes Bank,Web,4G,0,2024,3,March,Q1,07-03-2024
1409,05-09-2024 11:47,P2P,Food,1183,SUCCESS,36-45,26-35,Delhi,SBI,PNB,Android,WiFi,0,2024,9,September,Q3,05-09-2024
1410,03-03-2024 15:25,P2P,Food,675,SUCCESS,36-45,26-35,Rajasthan,SBI,SBI,Android,4G,0,2024,3,March,Q1,03-03-2024
1411,23-07-2024 12:41,P2M,Shopping,3497,SUCCESS,36-45,26-35,Gujarat,HDFC,Kotak,Android,5G,0,2024,7,July,Q3,23-07-2024
1412,17-05-2024 17:15,P2P,Grocery,429,SUCCESS,26-35,26-35,West Bengal,Axis,IndusInd,iOS,4G,0,2024,5,May,Q2,17-05-2024
1413,02-06-2024 12:27,Bill Payment,Education,5427,SUCCESS,26-35,46-55,Karnataka,IndusInd,PNB,Android,4G,0,2024,6,June,Q2,02-06-2024
1414,31-08-2024 23:22,Bill Payment,Food,386,SUCCESS,18-25,36-45,Tamil Nadu,PNB,ICICI,Android,4G,0,2024,8,August,Q3,31-08-2024
1415,19-08-2024 19:42,P2P,Entertainment,147,SUCCESS,36-45,36-45,Telangana,Kotak,SBI,Android,5G,0,2024,8,August,Q3,19-08-2024
1416,21-06-2024 10:38,Bill Payment,Entertainment,539,SUCCESS,26-35,36-45,Uttar Pradesh,SBI,Yes Bank,Android,4G,0,2024,6,June,Q2,21-06-2024
1417,01-12-2024 09:47,Recharge,Utilities,269,SUCCESS,18-25,18-25,Uttar Pradesh,HDFC,PNB,Android,4G,0,2024,12,December,Q4,01-12-2024
1418,08-01-2024 13:05,Recharge,Education,4080,SUCCESS,18-25,36-45,Maharashtra,PNB,Axis,Android,4G,0,2024,1,January,Q1,08-01-2024
1419,16-08-2024 11:03,P2P,Food,177,FAILED,18-25,18-25,Maharashtra,Yes Bank,HDFC,iOS,4G,0,2024,8,August,Q3,16-08-2024
1420,22-08-2024 16:08,P2P,Grocery,1121,SUCCESS,36-45,46-55,Maharashtra,Axis,PNB,Android,4G,0,2024,8,August,Q3,22-08-2024
1421,03-07-2024 10:29,P2P,Food,374,SUCCESS,18-25,26-35,Tamil Nadu,IndusInd,SBI,Android,4G,0,2024,7,July,Q3,03-07-2024
1422,27-02-2024 16:47,P2P,Utilities,3326,SUCCESS,36-45,18-25,Delhi,IndusInd,Yes Bank,Android,5G,0,2024,2,February,Q1,27-02-2024
1423,25-09-2024 22:38,P2P,Entertainment,284,SUCCESS,26-35,18-25,West Bengal,HDFC,HDFC,Android,4G,0,2024,9,September,Q3,25-09-2024
1424,07-02-2024 21:32,P2P,Utilities,4584,SUCCESS,26-35,18-25,Uttar Pradesh,SBI,Kotak,Android,4G,0,2024,2,February,Q1,07-02-2024
1425,05-08-2024 18:03,P2P,Food,1542,SUCCESS,26-35,18-25,Tamil Nadu,IndusInd,HDFC,Web,4G,0,2024,8,August,Q3,05-08-2024
1426,14-06-2024 22:35,Recharge,Grocery,911,SUCCESS,26-35,26-35,Maharashtra,ICICI,ICICI,Android,5G,0,2024,6,June,Q2,14-06-2024
1427,29-01-2024 13:23,P2M,Grocery,1431,SUCCESS,18-25,26-35,Rajasthan,Yes Bank,PNB,Android,5G,0,2024,1,January,Q1,29-01-2024
1428,15-06-2024 13:17,P2P,Other,1364,SUCCESS,18-25,26-35,Delhi,ICICI,HDFC,Android,4G,0,2024,6,June,Q2,15-06-2024
1429,24-05-2024 20:44,P2M,Other,254,SUCCESS,26-35,18-25,Delhi,SBI,SBI,Android,4G,0,2024,5,May,Q2,24-05-2024
1430,21-01-2024 10:46,P2M,Fuel,1526,SUCCESS,46-55,18-25,Telangana,Kotak,Yes Bank,Android,4G,0,2024,1,January,Q1,21-01-2024
1431,01-07-2024 17:45,P2P,Fuel,1143,SUCCESS,26-35,36-45,Rajasthan,Axis,IndusInd,Android,4G,0,2024,7,July,Q3,01-07-2024
1432,30-03-2024 13:00,P2M,Grocery,225,FAILED,26-35,18-25,West Bengal,PNB,SBI,Android,4G,0,2024,3,March,Q1,30-03-2024
1433,19-08-2024 08:55,Bill Payment,Utilities,346,SUCCESS,26-35,26-35,Telangana,ICICI,ICICI,Android,4G,0,2024,8,August,Q3,19-08-2024
1434,06-08-2024 17:36,Bill Payment,Entertainment,726,SUCCESS,26-35,36-45,Uttar Pradesh,Kotak,IndusInd,Android,5G,0,2024,8,August,Q3,06-08-2024
1435,31-03-2024 19:22,Bill Payment,Food,1760,SUCCESS,18-25,36-45,Telangana,PNB,SBI,Android,3G,0,2024,3,March,Q1,31-03-2024
1436,14-01-2024 13:00,P2P,Grocery,185,SUCCESS,36-45,18-25,Tamil Nadu,HDFC,ICICI,iOS,4G,0,2024,1,January,Q1,14-01-2024
1437,27-12-2024 12:49,P2P,Food,1530,SUCCESS,36-45,18-25,Rajasthan,PNB,PNB,iOS,3G,0,2024,12,December,Q4,27-12-2024
1438,25-04-2024 23:24,P2P,Transport,136,SUCCESS,36-45,36-45,Delhi,Axis,IndusInd,Android,4G,0,2024,4,April,Q2,25-04-2024
1439,24-01-2024 10:11,P2P,Utilities,3468,FAILED,26-35,36-45,Uttar Pradesh,SBI,HDFC,Web,3G,0,2024,1,January,Q1,24-01-2024
1440,04-10-2024 05:48,Recharge,Grocery,317,SUCCESS,18-25,36-45,Delhi,IndusInd,Yes Bank,Android,4G,0,2024,10,October,Q4,04-10-2024
1441,12-02-2024 17:21,P2P,Transport,399,SUCCESS,26-35,36-45,Maharashtra,HDFC,Axis,Android,WiFi,0,2024,2,February,Q1,12-02-2024
1442,14-05-2024 23:12,Bill Payment,Grocery,2112,SUCCESS,26-35,36-45,West Bengal,SBI,Axis,Android,4G,0,2024,5,May,Q2,14-05-2024
1443,27-12-2024 17:06,Bill Payment,Food,219,SUCCESS,46-55,26-35,Delhi,HDFC,Kotak,Android,3G,0,2024,12,December,Q4,27-12-2024
1444,25-04-2024 09:19,Bill Payment,Utilities,162,SUCCESS,18-25,18-25,West Bengal,ICICI,Axis,Android,4G,0,2024,4,April,Q2,25-04-2024
1445,24-03-2024 13:03,P2P,Shopping,1740,SUCCESS,26-35,36-45,Delhi,Yes Bank,ICICI,iOS,4G,0,2024,3,March,Q1,24-03-2024
1446,12-02-2024 17:31,Bill Payment,Entertainment,694,SUCCESS,18-25,26-35,Andhra Pradesh,Axis,SBI,Android,5G,0,2024,2,February,Q1,12-02-2024
1447,30-12-2024 15:23,P2M,Shopping,1173,SUCCESS,36-45,18-25,Uttar Pradesh,IndusInd,SBI,iOS,5G,0,2024,12,December,Q4,30-12-2024
1448,31-03-2024 23:45,P2P,Education,4706,SUCCESS,26-35,36-45,Delhi,SBI,SBI,Android,4G,0,2024,3,March,Q1,31-03-2024
1449,14-03-2024 10:43,P2P,Utilities,4880,SUCCESS,26-35,36-45,Telangana,PNB,Kotak,Web,4G,0,2024,3,March,Q1,14-03-2024
1450,20-04-2024 14:34,P2P,Shopping,6090,SUCCESS,26-35,18-25,Maharashtra,SBI,Kotak,Android,4G,0,2024,4,April,Q2,20-04-2024
1451,18-04-2024 20:46,P2P,Fuel,2665,SUCCESS,36-45,18-25,Rajasthan,HDFC,Axis,Android,4G,0,2024,4,April,Q2,18-04-2024
1452,30-08-2024 08:10,P2P,Entertainment,415,SUCCESS,56+,46-55,Karnataka,ICICI,HDFC,Android,5G,0,2024,8,August,Q3,30-08-2024
1453,09-01-2024 21:57,P2P,Entertainment,109,SUCCESS,26-35,36-45,Tamil Nadu,SBI,HDFC,Android,WiFi,0,2024,1,January,Q1,09-01-2024
1454,08-01-2024 13:38,P2P,Grocery,429,SUCCESS,56+,18-25,Telangana,SBI,ICICI,iOS,WiFi,0,2024,1,January,Q1,08-01-2024
1455,01-04-2024 16:37,P2M,Entertainment,294,SUCCESS,26-35,46-55,Karnataka,PNB,HDFC,Android,5G,0,2024,4,April,Q2,01-04-2024
1456,11-10-2024 11:58,P2M,Grocery,676,SUCCESS,26-35,18-25,Rajasthan,ICICI,PNB,Android,3G,0,2024,10,October,Q4,11-10-2024
1457,22-12-2024 19:51,Bill Payment,Transport,75,SUCCESS,36-45,26-35,Maharashtra,IndusInd,PNB,Android,4G,0,2024,12,December,Q4,22-12-2024
1458,29-03-2024 10:13,P2P,Grocery,596,SUCCESS,18-25,56+,Tamil Nadu,Kotak,ICICI,Android,4G,0,2024,3,March,Q1,29-03-2024
1459,24-08-2024 17:21,P2M,Education,16777,SUCCESS,26-35,26-35,Uttar Pradesh,SBI,ICICI,Android,5G,0,2024,8,August,Q3,24-08-2024
1460,28-07-2024 14:08,P2P,Entertainment,1735,SUCCESS,26-35,36-45,Tamil Nadu,IndusInd,IndusInd,Android,4G,0,2024,7,July,Q3,28-07-2024
1461,05-12-2024 12:26,P2M,Grocery,1696,SUCCESS,56+,26-35,Gujarat,SBI,ICICI,Android,4G,0,2024,12,December,Q4,05-12-2024
1462,14-12-2024 11:09,Bill Payment,Other,495,SUCCESS,46-55,18-25,Uttar Pradesh,SBI,SBI,Android,3G,0,2024,12,December,Q4,14-12-2024
1463,04-05-2024 18:03,Recharge,Entertainment,719,SUCCESS,36-45,18-25,Gujarat,SBI,IndusInd,Android,4G,0,2024,5,May,Q2,04-05-2024
1464,30-03-2024 20:35,P2P,Shopping,159,SUCCESS,46-55,18-25,Telangana,PNB,SBI,Android,5G,0,2024,3,March,Q1,30-03-2024
1465,14-08-2024 13:10,P2P,Food,165,SUCCESS,26-35,18-25,Delhi,Kotak,HDFC,iOS,5G,0,2024,8,August,Q3,14-08-2024
1466,20-11-2024 07:16,P2P,Other,465,SUCCESS,26-35,18-25,Karnataka,IndusInd,HDFC,Android,4G,0,2024,11,November,Q4,20-11-2024
1467,24-11-2024 12:49,P2P,Fuel,4176,SUCCESS,36-45,26-35,Tamil Nadu,SBI,Axis,Android,4G,0,2024,11,November,Q4,24-11-2024
1468,05-01-2024 18:04,P2P,Grocery,885,SUCCESS,26-35,36-45,Delhi,IndusInd,SBI,Android,4G,0,2024,1,January,Q1,05-01-2024
1469,21-11-2024 18:12,P2M,Fuel,561,SUCCESS,26-35,36-45,Uttar Pradesh,SBI,SBI,Android,WiFi,0,2024,11,November,Q4,21-11-2024
1470,10-06-2024 11:39,P2P,Grocery,162,SUCCESS,36-45,18-25,Telangana,Kotak,ICICI,Android,4G,0,2024,6,June,Q2,10-06-2024
1471,29-01-2024 22:28,P2P,Fuel,1720,SUCCESS,18-25,26-35,Telangana,SBI,HDFC,Android,4G,0,2024,1,January,Q1,29-01-2024
1472,13-05-2024 18:44,P2M,Utilities,114,SUCCESS,18-25,26-35,Uttar Pradesh,Yes Bank,PNB,Android,4G,0,2024,5,May,Q2,13-05-2024
1473,08-09-2024 17:09,P2P,Education,5544,SUCCESS,36-45,36-45,Maharashtra,SBI,HDFC,Android,5G,0,2024,9,September,Q3,08-09-2024
1474,24-07-2024 21:23,P2P,Food,315,SUCCESS,26-35,26-35,Maharashtra,SBI,Axis,iOS,4G,0,2024,7,July,Q3,24-07-2024
1475,21-08-2024 01:38,P2M,Grocery,1810,SUCCESS,26-35,46-55,Maharashtra,PNB,SBI,Android,4G,0,2024,8,August,Q3,21-08-2024
1476,24-05-2024 18:57,P2P,Healthcare,417,SUCCESS,36-45,36-45,Tamil Nadu,Yes Bank,IndusInd,Android,4G,0,2024,5,May,Q2,24-05-2024
1477,17-02-2024 14:11,P2M,Fuel,532,SUCCESS,18-25,18-25,Tamil Nadu,SBI,Axis,Android,4G,0,2024,2,February,Q1,17-02-2024
1478,15-05-2024 18:49,P2M,Food,101,SUCCESS,26-35,46-55,Telangana,Kotak,IndusInd,Android,4G,0,2024,5,May,Q2,15-05-2024
1479,07-08-2024 15:46,P2M,Healthcare,143,SUCCESS,26-35,26-35,Karnataka,Axis,PNB,iOS,4G,0,2024,8,August,Q3,07-08-2024
1480,12-03-2024 18:34,P2P,Shopping,4370,SUCCESS,18-25,26-35,Tamil Nadu,Yes Bank,HDFC,Android,4G,0,2024,3,March,Q1,12-03-2024
1481,25-08-2024 16:43,P2P,Food,638,SUCCESS,26-35,26-35,Andhra Pradesh,Axis,ICICI,Android,4G,0,2024,8,August,Q3,25-08-2024
1482,27-03-2024 01:30,P2P,Shopping,1963,SUCCESS,36-45,26-35,Rajasthan,Kotak,SBI,Android,4G,0,2024,3,March,Q1,27-03-2024
1483,18-06-2024 21:04,Bill Payment,Shopping,715,SUCCESS,36-45,46-55,Rajasthan,Axis,SBI,Android,4G,0,2024,6,June,Q2,18-06-2024
1484,04-05-2024 13:09,Bill Payment,Transport,411,FAILED,36-45,26-35,Tamil Nadu,ICICI,Yes Bank,Android,WiFi,0,2024,5,May,Q2,04-05-2024
1485,14-05-2024 19:02,Bill Payment,Transport,592,FAILED,36-45,18-25,Tamil Nadu,IndusInd,IndusInd,Android,4G,0,2024,5,May,Q2,14-05-2024
1486,21-10-2024 14:40,P2P,Grocery,559,SUCCESS,36-45,18-25,Maharashtra,Yes Bank,Kotak,Android,4G,0,2024,10,October,Q4,21-10-2024
1487,01-07-2024 13:42,Bill Payment,Food,1461,SUCCESS,26-35,18-25,Maharashtra,HDFC,SBI,Android,4G,0,2024,7,July,Q3,01-07-2024
1488,28-12-2024 17:56,Bill Payment,Grocery,3580,SUCCESS,26-35,26-35,Andhra Pradesh,SBI,ICICI,iOS,4G,0,2024,12,December,Q4,28-12-2024
1489,06-08-2024 18:42,P2P,Food,108,SUCCESS,46-55,18-25,Gujarat,HDFC,Axis,Android,5G,0,2024,8,August,Q3,06-08-2024
1490,08-12-2024 17:36,P2P,Entertainment,1221,SUCCESS,36-45,26-35,West Bengal,SBI,Yes Bank,Android,5G,0,2024,12,December,Q4,08-12-2024
1491,07-02-2024 15:31,P2M,Shopping,4416,SUCCESS,18-25,18-25,Maharashtra,IndusInd,IndusInd,Android,WiFi,0,2024,2,February,Q1,07-02-2024
1492,25-07-2024 09:49,P2P,Fuel,448,SUCCESS,18-25,18-25,Tamil Nadu,Axis,PNB,Android,4G,0,2024,7,July,Q3,25-07-2024
1493,09-02-2024 09:48,P2P,Utilities,552,SUCCESS,56+,26-35,Maharashtra,HDFC,Yes Bank,Android,4G,0,2024,2,February,Q1,09-02-2024
1494,01-11-2024 17:59,P2P,Other,937,SUCCESS,26-35,18-25,West Bengal,HDFC,Axis,iOS,4G,0,2024,11,November,Q4,01-11-2024
1495,25-03-2024 20:32,Bill Payment,Transport,58,SUCCESS,18-25,18-25,Tamil Nadu,IndusInd,SBI,Android,4G,0,2024,3,March,Q1,25-03-2024
1496,15-07-2024 11:46,P2M,Food,365,SUCCESS,26-35,26-35,Maharashtra,Axis,SBI,iOS,4G,0,2024,7,July,Q3,15-07-2024
1497,15-06-2024 16:28,Recharge,Fuel,900,SUCCESS,18-25,26-35,Uttar Pradesh,ICICI,PNB,iOS,4G,0,2024,6,June,Q2,15-06-2024
1498,21-02-2024 16:29,P2M,Other,1299,SUCCESS,18-25,18-25,Rajasthan,IndusInd,PNB,Android,4G,0,2024,2,February,Q1,21-02-2024
1499,15-01-2024 23:51,P2M,Healthcare,540,SUCCESS,18-25,26-35,Uttar Pradesh,HDFC,HDFC,Android,5G,0,2024,1,January,Q1,15-01-2024
1500,25-12-2024 10:30,Recharge,Food,735,SUCCESS,36-45,18-25,Andhra Pradesh,IndusInd,SBI,iOS,5G,0,2024,12,December,Q4,25-12-2024
